longitude, latitude
172.16794,-43.52731
172.32367,-43.55426
172.38512,-43.6585
172.29477,-43.5661
172.18575,-43.4711
172.11847,-43.49201
172.11028,-43.62283
172.21217,-43.59541
172.4296,-43.68362
172.54439,-43.58787
172.30362,-43.58586
172.37521,-43.66354
172.23647,-43.64153
172.27835,-43.63268
172.41315,-43.60732
172.16673,-43.60926
172.27443,-43.61766
172.40707,-43.64999
172.16286,-43.46124
172.40086,-43.60709
172.17003,-43.47633
172.23813,-43.57198
171.90025,-43.64566
172.35774,-43.6156
172.19954,-43.61805
172.44824,-43.6536
172.32207,-43.60859
172.48775,-43.54868
172.15205,-43.52158
172.36874,-43.60562
172.40279,-43.59917
172.20514,-43.6309
172.25459,-43.62086
172.12369,-43.65435
172.41252,-43.47221
172.20256,-43.60182
172.21004,-43.61625
172.42267,-43.60178
172.22412,-43.60673
172.39214,-43.61933
172.54507,-43.61502
171.96542,-43.42382
172.27841,-43.62322
172.37897,-43.55125
172.24101,-43.62859
172.11301,-43.54909
172.45435,-43.61747
172.37834,-43.41101
172.4102,-43.60401
171.96031,-43.51437
172.43463,-43.63962
172.32454,-43.59659
172.44044,-43.66763
172.49609,-43.6358
172.37679,-43.59209
172.1541,-43.59937
172.18248,-43.58258
171.90456,-43.5519
171.92424,-43.5533
172.09161,-43.61933
172.35083,-43.58913
171.86795,-43.55365
172.15027,-43.46167
172.26309,-43.63627
171.87665,-43.54924
172.42139,-43.6554
172.41945,-43.64859
172.3445,-43.58962
172.09457,-43.59563
172.33667,-43.57727
172.03815,-43.58954
172.04362,-43.58209
171.93301,-43.50891
172.42651,-43.61386
171.981,-43.52064
172.09627,-43.58116
172.30588,-43.57518
172.07645,-43.62188
171.87042,-43.5463
172.29759,-43.57589
172.15967,-43.52707
171.98218,-43.52419
172.19775,-43.6185
172.36713,-43.56803
172.16035,-43.49445
172.3916,-43.56511
172.21344,-43.57799
172.24231,-43.55423
172.21379,-43.63201
172.16214,-43.48512
172.39746,-43.58581
172.20213,-43.598
171.91266,-43.56144
172.18985,-43.4667
172.18355,-43.44917
172.15215,-43.50172
172.33322,-43.5995
172.31989,-43.63719
172.57639,-43.62542
172.31593,-43.56948
172.52415,-43.55025
172.43193,-43.57899
172.16052,-43.58697
172.0088,-43.55745
172.12166,-43.60501
172.0986,-43.51294
172.19545,-43.54142
172.1881,-43.5922
172.00301,-43.51379
171.94992,-43.47793
172.19292,-43.59906
172.15111,-43.49399
171.95787,-43.52837
172.41998,-43.65785
172.64563,-43.62341
172.3681,-43.65718
172.34909,-43.64157
172.1776,-43.48444
172.20988,-43.57866
172.44025,-43.53471
172.1217,-43.62795
172.17479,-43.46814
171.88933,-43.56837
172.33469,-43.68073
171.76793,-43.5664
172.38113,-43.58765
172.2957,-43.58936
172.40912,-43.61632
172.01489,-43.55053
172.24362,-43.58006
171.91075,-43.56587
172.29861,-43.60468
172.37221,-43.62337
171.98225,-43.60041
172.4422,-43.65592
172.35045,-43.59398
171.87764,-43.59034
172.18607,-43.45727
172.03004,-43.71103
172.24127,-43.59666
172.40393,-43.62034
172.23857,-43.65031
172.31216,-43.56051
172.21492,-43.56371
172.3909,-43.61522
172.28584,-43.56379
172.14253,-43.61903
171.86209,-43.55952
172.03871,-43.56707
172.28329,-43.59722
172.05132,-43.5977
172.1559,-43.58944
172.17863,-43.60236
172.26147,-43.50686
172.34186,-43.58797
171.91864,-43.59831
171.93265,-43.5714
172.39465,-43.60268
172.38315,-43.6246
172.41464,-43.63718
171.86908,-43.56821
172.78311,-43.67744
172.36015,-43.62086
172.13179,-43.48333
172.37329,-43.64251
172.12587,-43.52039
172.14586,-43.57332
172.35283,-43.62333
172.14256,-43.57784
172.35619,-43.57591
172.18134,-43.59245
172.41757,-43.61236
171.74586,-43.68582
172.22552,-43.56639
172.21689,-43.58671
172.24094,-43.65182
171.97409,-43.51653
172.18736,-43.58545
172.45381,-43.62324
172.18239,-43.49659
171.98123,-43.5359
172.21678,-43.56539
172.06158,-43.60017
172.71423,-43.53712
172.2014,-43.63544
172.23175,-43.5606
172.38969,-43.629
172.15208,-43.57822
172.1759,-43.47049
171.93036,-43.56152
172.37663,-43.64319
172.20227,-43.57238
172.16713,-43.45979
172.38457,-43.56495
172.13434,-43.52434
172.36519,-43.58719
172.32555,-43.54547
172.1993,-43.48877
172.24591,-43.61634
171.84972,-43.56121
172.19493,-43.56981
172.17209,-43.59524
172.06744,-43.61099
172.28746,-43.6149
172.30405,-43.55462
172.34734,-43.60829
171.87758,-43.56702
172.25801,-43.60332
172.38414,-43.58119
172.4359,-43.66308
172.47163,-43.63888
172.1165,-43.5947
172.34676,-43.59018
172.37738,-43.5607
171.92126,-43.56728
172.23676,-43.62017
172.12709,-43.51032
172.20291,-43.55304
172.29262,-43.58553
172.18323,-43.62764
172.3454,-43.59164
172.52646,-43.51237
172.19888,-43.512
171.9897,-43.56758
172.24605,-43.685
172.06989,-43.59444
171.95135,-43.57582
172.18819,-43.5976
172.18999,-43.56454
172.40186,-43.58372
172.40242,-43.59412
172.13329,-43.53292
172.16226,-43.47335
172.10452,-43.53453
172.23663,-43.61254
172.40489,-43.50297
172.36053,-43.62069
171.88409,-43.58549
171.88499,-43.57277
172.35338,-43.55885
172.35081,-43.61351
172.34505,-43.55161
172.02159,-43.37907
172.1277,-43.5916
172.37247,-43.58784
171.89575,-43.56173
172.29364,-43.62775
171.93831,-43.56766
172.15663,-43.49926
172.11063,-43.59458
172.16,-43.50596
172.19763,-43.58089
172.18799,-43.53481
172.90739,-43.77293
171.86494,-43.53433
172.37065,-43.57023
172.37668,-43.5676
172.41133,-43.6416
172.25665,-43.5359
172.18466,-43.57984
172.36946,-43.56889
172.29625,-43.59651
171.98843,-43.51096
172.29173,-43.62775
171.94566,-43.52047
172.36682,-43.56866
172.3358,-43.61222
172.89784,-43.52876
172.37373,-43.5656
172.39102,-43.58171
172.2113,-43.60784
172.39412,-43.55283
171.94312,-43.53643
172.31667,-43.60709
172.14935,-43.50447
172.39444,-43.55692
172.33728,-43.54692
172.40768,-43.56427
172.16614,-43.46335
172.07832,-43.59616
172.22733,-43.5639
172.33929,-43.56008
172.50261,-43.65575
172.42409,-43.62831
172.28075,-43.51095
172.37587,-43.64032
171.95306,-43.57082
172.09174,-43.30871
172.334,-43.61383
172.32762,-43.6132
172.18898,-43.54802
172.13431,-43.49733
172.3513,-43.57739
172.18881,-43.53963
172.26387,-43.62392
172.38968,-43.59166
172.29984,-43.60524
172.10933,-43.58831
172.38275,-43.64339
172.17757,-43.63984
172.13132,-43.61146
172.23256,-43.4652
172.10887,-43.55689
172.28046,-43.60915
172.21495,-43.62139
172.18446,-43.45223
171.83861,-43.51344
172.37796,-43.57924
172.37222,-43.57684
172.35747,-43.60506
172.37405,-43.57056
172.44618,-43.62758
172.09085,-43.59906
172.15253,-43.57936
172.30031,-43.55319
172.2957,-43.62497
172.37375,-43.55203
172.36456,-43.61028
172.20872,-43.5714
172.02998,-43.55073
172.38678,-43.55509
171.95735,-43.55603
172.40733,-43.64024
172.39235,-43.57941
172.14714,-43.60364
172.37096,-43.57534
172.15927,-43.60389
172.40985,-43.62104
172.16237,-43.48006
172.39618,-43.5794
172.13516,-43.59304
172.16548,-43.48886
172.18207,-43.47389
172.409,-43.61388
172.18637,-43.53202
172.16185,-43.6046
171.79358,-43.53903
172.31071,-43.58903
172.25626,-43.60283
172.13304,-43.5817
172.46838,-43.54547
172.15105,-43.46188
172.39328,-43.58645
172.38947,-43.53862
171.86775,-43.53791
172.27559,-43.56717
172.27838,-43.58799
171.85269,-43.58792
172.35406,-43.60077
172.30634,-43.57829
172.29555,-43.55781
172.33943,-43.57833
171.87971,-43.56548
172.3951,-43.56133
172.24995,-43.57721
172.47533,-43.62615
172.25096,-43.5941
172.36569,-43.55945
172.30515,-43.59969
172.22055,-43.59555
172.27089,-43.60146
172.36649,-43.57264
171.92679,-43.50557
172.29626,-43.55808
172.36156,-43.59647
172.50249,-43.59543
172.70985,-43.64964
172.17383,-43.52053
171.88943,-43.54584
172.00587,-43.55528
172.03877,-43.63465
172.24518,-43.62341
172.36874,-43.57393
172.16357,-43.58884
172.26671,-43.56147
172.40782,-43.6277
172.48163,-43.51122
172.20399,-43.59662
172.29753,-43.56229
172.27907,-43.61818
172.17453,-43.53228
172.15996,-43.57421
172.4099,-43.63939
172.17426,-43.61273
172.18326,-43.48888
172.53375,-43.59634
171.85555,-43.55144
172.16974,-43.65805
171.80785,-43.47171
172.17085,-43.46582
172.37236,-43.56969
172.45032,-43.61472
172.31941,-43.58999
172.30571,-43.56851
172.18929,-43.58768
172.49506,-43.6457
172.40564,-43.61221
172.41986,-43.56096
172.45242,-43.61526
172.22,-43.55236
172.10144,-43.61153
172.34575,-43.50059
172.17348,-43.60738
172.19696,-43.56356
171.9297,-43.54212
172.23608,-43.5321
172.40091,-43.57224
172.18703,-43.4928
172.18895,-43.58276
172.3363,-43.59666
171.85231,-43.58879
172.38913,-43.60236
172.31636,-43.58377
172.18349,-43.46981
172.17336,-43.60583
172.15353,-43.48799
172.41199,-43.59498
172.46016,-43.54328
172.40691,-43.641
172.32739,-43.53981
172.36256,-43.57106
172.14088,-43.57564
172.40193,-43.59243
172.15903,-43.59767
172.18257,-43.60129
172.1563,-43.62478
172.31198,-43.58831
172.22591,-43.59649
171.89012,-43.60089
172.42899,-43.62254
172.19344,-43.54403
172.19826,-43.53819
172.37079,-43.55818
172.28946,-43.56815
172.21309,-43.59621
172.51782,-43.56116
172.27338,-43.61273
172.17668,-43.61364
171.87485,-43.58384
172.38423,-43.62786
172.4046,-43.54137
172.33609,-43.60838
172.34029,-43.58985
172.37001,-43.62367
172.46312,-43.65911
172.35254,-43.57971
172.15016,-43.57456
172.43527,-43.61401
172.15356,-43.62331
172.33922,-43.57684
172.42149,-43.57253
172.14856,-43.48272
172.33237,-43.57183
172.13287,-43.58955
172.37572,-43.58193
172.31616,-43.59349
172.60268,-43.59968
172.18788,-43.62982
172.37469,-43.58495
172.4133,-43.53983
172.36118,-43.63866
172.04335,-43.60528
172.10158,-43.51501
172.42204,-43.57153
171.89587,-43.55279
172.17453,-43.50886
172.29117,-43.59851
172.12694,-43.53466
172.19431,-43.49708
172.17816,-43.50919
172.0896,-43.50986
172.25542,-43.61336
172.0882,-43.64809
172.17412,-43.51949
172.25348,-43.52426
172.18654,-43.45482
172.16931,-43.48843
171.89168,-43.52374
172.33017,-43.60033
172.30354,-43.589
172.19217,-43.45801
172.17673,-43.51104
171.87025,-43.57058
172.3252,-43.55315
172.19273,-43.44742
171.93927,-43.56151
172.12961,-43.54673
172.18794,-43.54387
172.21201,-43.6205
172.34697,-43.60793
172.43698,-43.65754
172.23543,-43.61448
172.31609,-43.56137
172.30524,-43.5998
172.22981,-43.57978
172.30833,-43.59458
172.33199,-43.58429
172.31821,-43.56933
172.34843,-43.54638
172.28493,-43.60506
172.28871,-43.5532
172.22229,-43.60522
171.90765,-43.57008
172.37665,-43.56837
172.29449,-43.47795
171.85078,-43.52938
172.3875,-43.56273
172.16624,-43.54823
172.36166,-43.55682
172.20502,-43.61137
172.16194,-43.58303
172.19304,-43.57631
172.14973,-43.5973
171.91478,-43.57524
172.47136,-43.66494
172.48384,-43.66145
172.19788,-43.56808
172.19904,-43.55554
172.33727,-43.54528
172.37135,-43.58549
172.17018,-43.58612
172.36192,-43.60576
172.38495,-43.54853
172.4039,-43.65635
172.06012,-43.61989
172.20894,-43.54391
172.38116,-43.58281
172.04465,-43.62014
172.15585,-43.61858
172.29646,-43.60065
172.22212,-43.57833
172.22343,-43.55259
172.13599,-43.6099
172.35809,-43.61064
172.16975,-43.46585
171.89079,-43.57824
172.37651,-43.61646
172.18065,-43.53887
172.33046,-43.55223
172.37558,-43.59287
172.27466,-43.59178
172.37698,-43.57177
172.44835,-43.6442
172.18365,-43.56239
172.31732,-43.63197
172.52638,-43.54081
171.8936,-43.49067
171.88223,-43.57581
172.75746,-43.68732
171.90707,-43.5413
172.28088,-43.61426
172.34593,-43.60686
172.3661,-43.56586
172.15274,-43.47659
172.7627,-43.53548
172.12054,-43.61533
172.22827,-43.631
172.32986,-43.57957
172.1651,-43.507
172.37297,-43.60941
171.85692,-43.57724
172.18533,-43.5396
171.81586,-43.55323
172.0305,-43.57235
172.59633,-43.65122
172.1777,-43.47255
172.38771,-43.60907
172.18854,-43.49167
172.24487,-43.54424
172.33963,-43.59902
172.3369,-43.63424
172.3372,-43.64513
172.18221,-43.46634
172.17674,-43.50951
172.14719,-43.59712
172.37801,-43.58355
172.40578,-43.70949
171.85904,-43.57548
172.72781,-43.49788
172.173,-43.45458
172.3895,-43.61185
172.15678,-43.50449
172.28932,-43.56154
172.37318,-43.5961
171.82387,-43.51784
172.24036,-43.61034
172.16487,-43.52784
172.27937,-43.58854
172.3268,-43.5901
172.43723,-43.6518
172.36629,-43.56487
171.90109,-43.56649
172.33606,-43.54554
172.26317,-43.61839
172.31476,-43.59529
172.29292,-43.59092
172.26643,-43.61955
172.34151,-43.58413
172.14975,-43.56766
172.27991,-43.61853
172.16835,-43.46699
172.78465,-43.69313
172.4218,-43.61425
172.35629,-43.5771
172.37561,-43.56815
172.18874,-43.55099
171.97945,-43.53708
172.43736,-43.65438
172.17921,-43.62146
172.24501,-43.59514
172.53369,-43.65904
172.1814,-43.59778
172.1595,-43.61834
172.28375,-43.61155
172.14978,-43.50332
172.31812,-43.58928
172.13113,-43.63537
172.25485,-43.60133
172.15744,-43.61576
171.76564,-43.54185
171.75865,-43.53485
171.90828,-43.54179
172.15649,-43.51737
172.18304,-43.4535
171.74184,-43.54025
172.33936,-43.57898
171.89366,-43.59371
172.03275,-43.58489
171.85612,-43.57955
172.94284,-43.72343
172.31197,-43.55562
172.12993,-43.59402
172.36049,-43.59975
172.16747,-43.4598
172.38351,-43.55688
172.19182,-43.59254
172.20456,-43.57442
172.19746,-43.52572
172.35374,-43.59917
172.15895,-43.48091
172.42099,-43.6338
172.22192,-43.57158
172.19989,-43.59064
172.31332,-43.55193
172.2795,-43.5975
172.12221,-43.59299
172.19855,-43.57605
172.37134,-43.61494
171.87448,-43.57753
172.1488,-43.55521
172.16565,-43.61452
172.36662,-43.60278
172.30153,-43.59863
172.34201,-43.66002
172.27148,-43.61401
172.32915,-43.64805
172.19666,-43.57695
172.50755,-43.63115
172.16191,-43.51609
172.05667,-43.60797
172.25748,-43.6049
172.37366,-43.82254
172.53952,-43.52347
172.20226,-43.63772
172.53075,-43.52076
172.40894,-43.59418
172.06325,-43.62175
172.17174,-43.49399
172.28833,-43.56696
172.4301,-43.57109
172.14047,-43.52195
172.39882,-43.60123
171.9675,-43.57444
172.1622,-43.46226
172.37053,-43.57859
172.28497,-43.61855
172.3773,-43.57053
172.33371,-43.61221
171.91994,-43.56841
172.04584,-43.59819
171.87743,-43.55658
172.38454,-43.58571
172.24898,-43.62496
172.33771,-43.63332
172.0992,-43.45775
172.12321,-43.58701
172.46201,-43.62967
172.23569,-43.59897
172.26439,-43.6071
172.09557,-43.51162
172.33281,-43.60033
172.40712,-43.62481
172.26022,-43.60166
172.26704,-43.53131
172.14772,-43.60048
172.2326,-43.61617
171.94656,-43.5598
172.32295,-43.61541
172.342,-43.62397
172.41013,-43.62014
172.04649,-43.61341
172.38425,-43.60336
171.9787,-43.54765
171.95403,-43.5653
172.38029,-43.6109
172.4016,-43.65396
172.37891,-43.63746
172.27705,-43.60916
171.96758,-43.56323
172.40302,-43.5382
172.15689,-43.46883
172.24355,-43.59707
172.2821,-43.55174
171.97394,-43.55993
172.35181,-43.60376
172.37813,-43.63754
172.31461,-43.54537
172.40712,-43.58068
172.20827,-43.61098
172.14015,-43.4794
171.84827,-43.58543
172.40469,-43.64397
172.32283,-43.54272
172.26033,-43.58622
172.13727,-43.61216
172.22578,-43.52676
172.4715,-43.63068
172.20201,-43.57437
172.30643,-43.60524
172.29355,-43.60836
172.21169,-43.54198
172.2596,-43.6234
172.39426,-43.62265
172.28328,-43.62034
172.2746,-43.57844
172.41232,-43.56508
172.04422,-43.60038
172.1804,-43.50831
172.37415,-43.61951
172.20309,-43.61381
172.00414,-43.5691
172.25591,-43.62244
172.41788,-43.61637
172.37701,-43.55766
171.91019,-43.55082
172.33493,-43.59315
172.42773,-43.62217
172.36292,-43.54441
172.32619,-43.62144
172.34743,-43.57168
172.25613,-43.5961
172.24699,-43.58549
172.2197,-43.64252
172.30138,-43.66826
172.13419,-43.55625
171.91341,-43.37715
172.1765,-43.45129
172.34825,-43.5908
172.16286,-43.52803
171.86462,-43.53455
172.20306,-43.54866
172.20764,-43.61184
172.42841,-43.62794
172.01021,-43.5199
172.36783,-43.64254
172.37888,-43.63466
172.34567,-43.59768
172.1427,-43.56722
172.16469,-43.59322
171.98169,-43.5639
172.33405,-43.60363
172.24426,-43.61934
171.8304,-43.57887
172.13901,-43.61301
172.10587,-43.60439
172.18959,-43.57462
172.32182,-43.5867
172.32555,-43.7037
172.35217,-43.58854
172.8226,-43.71866
172.19836,-43.51109
172.20012,-43.58299
172.17439,-43.54096
172.35323,-43.57468
172.37794,-43.58241
172.38722,-43.55628
172.50871,-43.54758
172.20491,-43.54701
172.24768,-43.6029
172.38042,-43.56866
172.33723,-43.60905
172.3765,-43.56893
171.94429,-43.59815
172.36594,-43.57769
172.35855,-43.585
172.38016,-43.5721
172.3688,-43.56165
171.91048,-43.55237
172.34262,-43.61205
172.32773,-43.56575
172.38448,-43.62369
172.39363,-43.61001
171.88455,-43.56952
172.17752,-43.52332
172.37761,-43.57165
172.38072,-43.56652
172.32237,-43.59998
172.35146,-43.58402
172.22664,-43.6263
171.90462,-43.61897
172.31306,-43.60107
172.43507,-43.65062
172.31134,-43.58347
172.36633,-43.62269
172.46417,-43.6502
172.40012,-43.60672
172.34627,-43.59541
172.31183,-43.57567
172.15999,-43.47099
172.18135,-43.48442
172.17654,-43.55654
172.34044,-43.61113
172.40431,-43.64265
172.16667,-43.49199
172.13925,-43.48526
172.1891,-43.49126
172.44362,-43.65661
172.17664,-43.63257
172.39731,-43.59186
172.06636,-43.60074
172.17108,-43.48068
172.33134,-43.60404
172.16605,-43.48267
172.16225,-43.61157
171.85664,-43.55848
171.94409,-43.55117
171.96745,-43.52746
171.95226,-43.54738
172.12485,-43.60203
172.33618,-43.60535
171.87054,-43.58011
172.35602,-43.56638
172.18065,-43.50824
172.21977,-43.60242
172.19798,-43.5757
172.77831,-43.66328
172.40303,-43.60254
171.97157,-43.56901
172.46964,-43.60443
172.11378,-43.62
172.28661,-43.60353
172.14967,-43.48399
171.91029,-43.56404
171.8868,-43.56665
172.43103,-43.52075
172.19815,-43.54231
172.34908,-43.59175
172.34541,-43.58578
172.24577,-43.59603
172.47755,-43.64536
171.8951,-43.56404
171.92296,-43.54601
172.45004,-43.56748
171.97141,-43.56948
172.4753,-43.64399
172.33588,-43.6083
172.38544,-43.58635
171.89357,-43.54206
172.37567,-43.59442
171.98711,-43.26196
172.01224,-43.2531
171.96626,-43.24471
171.98886,-43.26343
172.0195,-43.22588
172.35878,-43.58007
172.17352,-43.60069
172.00345,-43.272
172.30426,-43.55859
172.25035,-43.61271
172.38438,-43.57802
172.04881,-43.61744
172.38664,-43.57738
172.13484,-43.59824
172.46259,-43.64651
172.42439,-43.5885
172.37537,-43.57209
172.36987,-43.5768
172.35844,-43.57229
172.28841,-43.59056
172.04608,-43.58433
172.26291,-43.61205
172.22108,-43.58651
172.28479,-43.59489
172.01569,-43.56937
172.2525,-43.612
171.85364,-43.58515
172.38245,-43.61341
172.38116,-43.56482
172.3775,-43.56819
172.11821,-43.59623
171.89136,-43.58526
172.48453,-43.62852
172.34511,-43.58118
172.45007,-43.65026
171.86858,-43.57794
172.40773,-43.60591
172.3027,-43.55255
172.26407,-43.60358
172.25552,-43.60311
172.0094,-43.26968
172.44577,-43.64006
172.24532,-43.60368
172.41505,-43.5872
172.02943,-43.61312
172.12827,-43.40755
172.1756,-43.49463
172.18892,-43.61312
172.40445,-43.63432
171.94072,-43.58362
172.44296,-43.62104
172.2773,-43.59179
172.26778,-43.56912
171.88354,-43.60678
172.36771,-43.57874
172.11258,-43.48724
172.18883,-43.60041
172.16489,-43.60967
172.14056,-43.59851
172.16751,-43.61774
172.15829,-43.47335
172.16373,-43.45036
172.78572,-43.70912
172.20195,-43.59551
172.21962,-43.59992
172.31706,-43.62617
172.20067,-43.61505
171.82994,-43.59219
172.32016,-43.59496
172.43484,-43.63011
172.20412,-43.56386
172.31516,-43.60055
172.33896,-43.57761
171.84727,-43.58189
172.3018,-43.56664
172.19022,-43.51411
172.32515,-43.59084
172.38661,-43.59733
172.05612,-43.6136
171.84264,-43.55225
172.3844,-43.56961
172.06535,-43.6174
172.39908,-43.61864
172.20401,-43.61597
172.1761,-43.48949
172.23401,-43.6065
171.8457,-43.56802
172.44583,-43.65176
172.07327,-43.59248
172.32318,-43.7165
172.17006,-43.59704
172.16299,-43.49747
172.29521,-43.55809
172.17909,-43.62339
172.44633,-43.66214
172.32892,-43.60385
172.45174,-43.6529
172.33104,-43.67258
172.27901,-43.59653
172.39767,-43.56116
172.40042,-43.61483
172.39961,-43.60904
172.36505,-43.65262
171.76102,-43.54898
172.14526,-43.6031
172.1609,-43.52155
172.25278,-43.57264
172.40387,-43.58742
172.19916,-43.57698
172.56395,-43.54011
172.19456,-43.50942
172.40764,-43.62186
172.34683,-43.59111
172.4554,-43.54418
171.94463,-43.55417
172.07689,-43.58707
172.23526,-43.61919
172.39386,-43.55835
171.89098,-43.56095
172.32401,-43.61353
172.22423,-43.63111
171.92625,-43.57283
172.2321,-43.62973
172.14029,-43.56694
172.20868,-43.55128
172.15602,-43.42321
171.64807,-43.81577
172.26434,-43.61076
172.34737,-43.59513
172.53535,-43.52012
172.4915,-43.54022
171.85258,-43.59932
172.32666,-43.59663
171.87035,-43.58527
172.42661,-43.63643
171.63214,-43.57854
172.17873,-43.49049
171.88377,-43.55697
172.06607,-43.5844
172.15755,-43.4616
172.14874,-43.61818
172.14763,-43.6081
172.3792,-43.64444
172.15968,-43.61218
172.3282,-43.5415
172.37833,-43.63164
172.13609,-43.60851
172.43581,-43.59351
172.15138,-43.61697
172.38554,-43.63238
172.35651,-43.58031
172.36504,-43.57449
172.45647,-43.64472
172.18793,-43.57202
171.89178,-43.56773
172.38676,-43.56028
172.17453,-43.60015
171.88933,-43.62033
172.38953,-43.61647
172.34175,-43.59006
171.91188,-43.56633
172.94264,-43.2672
172.14459,-43.60064
172.3893,-43.56427
172.14949,-43.61517
172.00598,-43.26462
172.1476,-43.61864
172.28525,-43.56036
172.40892,-43.64223
171.88043,-43.58006
171.88388,-43.55182
172.16451,-43.49239
171.88091,-43.56384
171.92352,-43.56777
172.35222,-43.58633
172.16083,-43.50614
172.19672,-43.50451
172.28984,-43.60449
171.89349,-43.59462
172.1707,-43.51483
171.88785,-43.54869
172.16127,-43.59513
172.39381,-43.58376
172.26042,-43.61144
172.3717,-43.65087
171.93904,-43.55844
172.19196,-43.5392
172.36642,-43.62109
172.38062,-43.59384
171.94766,-43.5588
171.74315,-43.5589
172.33432,-43.61337
172.43462,-43.61414
172.37526,-43.56985
172.4225,-43.62117
172.39388,-43.60055
172.09662,-43.5901
171.88641,-43.54515
172.34187,-43.61994
171.95604,-43.23745
171.89436,-43.56295
172.32617,-43.59127
171.89575,-43.58829
172.18405,-43.57119
172.37953,-43.63556
172.32945,-43.60217
172.42502,-43.60212
172.21895,-43.60532
172.0856,-43.6275
172.89674,-43.4317
171.8597,-43.55265
172.11794,-43.44704
172.39041,-43.63535
172.37006,-43.57325
171.8725,-43.56815
172.0728,-43.52858
172.42294,-43.60497
172.34172,-43.58527
171.96031,-43.29507
171.94629,-43.29355
172.38231,-43.56614
172.19046,-43.45955
172.25996,-43.62617
172.40109,-43.59822
172.1684,-43.48001
172.39804,-43.63996
171.8584,-43.53201
172.17308,-43.47834
172.13773,-43.47855
172.4326,-43.63824
172.44003,-43.65873
172.1517,-43.60926
171.89137,-43.59511
171.955,-43.30067
172.2937,-43.57828
172.22293,-43.61401
172.38396,-43.64988
172.28975,-43.57349
172.11819,-43.64194
172.36545,-43.57783
172.24884,-43.60686
172.4274,-43.67558
172.37611,-43.55879
172.32353,-43.62205
171.922,-43.54683
172.15617,-43.52676
172.24875,-43.60982
172.30669,-43.57832
171.98082,-43.57405
172.24275,-43.59495
172.37172,-43.63316
172.15195,-43.47188
172.35396,-43.5941
172.34055,-43.63017
172.15289,-43.51964
172.19814,-43.61833
171.93486,-43.55879
172.32443,-43.58844
171.84985,-43.62611
172.07434,-43.59186
172.44284,-43.63536
172.45311,-43.61773
172.47342,-43.57239
171.87108,-43.57574
172.15683,-43.598
172.38203,-43.63087
172.43944,-43.59151
172.29456,-43.57668
172.41299,-43.64095
172.38695,-43.6193
172.26112,-43.60632
171.93221,-43.5646
172.36212,-43.65055
172.20215,-43.57699
171.93735,-43.54293
171.99471,-43.57909
171.92995,-43.5375
172.37907,-43.57098
171.89912,-43.54685
172.18341,-43.46643
172.14331,-43.4952
172.14481,-43.52154
172.32689,-43.5691
172.34587,-43.58994
172.24831,-43.5769
172.19682,-43.61808
172.38852,-43.62918
172.46411,-43.63531
172.31882,-43.60956
171.9003,-43.55003
172.27875,-43.5448
172.1666,-43.48083
172.35475,-43.62489
172.41183,-43.60876
172.09389,-43.57601
172.43497,-43.58593
172.35201,-43.60482
172.4402,-43.65237
172.16599,-43.60203
172.16341,-43.61676
172.15396,-43.51883
172.3968,-43.60937
172.37465,-43.58625
172.35236,-43.6025
172.24806,-43.57281
172.34886,-43.58728
172.3839,-43.62663
172.33063,-43.5586
172.24364,-43.59853
172.39847,-43.56446
172.47118,-43.64406
172.4682,-43.64477
172.09576,-43.60311
172.00052,-43.26859
171.86749,-43.57302
172.4017,-43.54279
172.41609,-43.5411
172.56297,-43.63664
171.90987,-43.55154
172.20085,-43.50824
172.17355,-43.60536
172.17184,-43.48182
171.83159,-43.56882
172.33919,-43.60912
172.15523,-43.61721
172.48265,-43.60912
171.89253,-43.53422
172.34654,-43.61749
172.0428,-43.59093
172.12956,-43.61646
172.15332,-43.5296
172.14281,-43.46313
172.58786,-43.5834
172.30557,-43.5825
172.2357,-43.60427
172.28505,-43.61062
172.24846,-43.61676
172.01624,-43.26565
171.92963,-43.55328
172.2975,-43.59291
172.13774,-43.60784
172.2551,-43.5977
171.91071,-43.52978
172.25319,-43.60777
172.04825,-43.61076
171.91809,-43.55961
172.20319,-43.6526
172.39876,-43.56284
172.37845,-43.58818
172.14972,-43.58891
172.5276,-43.60808
171.87755,-43.51807
172.36322,-43.59731
172.46434,-43.6304
171.80264,-43.57982
172.37155,-43.56135
172.38927,-43.77238
172.45059,-43.64566
172.37512,-43.6332
172.24965,-43.59155
172.18626,-43.58306
172.41382,-43.56583
172.3943,-43.5822
171.88705,-43.54343
172.5114,-43.56689
172.34706,-43.60109
172.18462,-43.57227
172.16145,-43.52869
172.4496,-43.60554
172.20605,-43.62552
172.00697,-43.5882
172.19214,-43.60834
172.06741,-43.5973
172.41664,-43.58693
172.36992,-43.5854
172.42703,-43.62851
172.34477,-43.60536
172.40387,-43.57572
172.36647,-43.58464
172.35553,-43.60609
172.18196,-43.55602
172.2946,-43.56549
172.43227,-43.62171
172.17285,-43.56633
172.01465,-43.56137
171.80365,-43.54681
171.9368,-43.55164
172.06793,-43.6064
172.38715,-43.56505
171.93021,-43.52782
172.39819,-43.65488
171.85396,-43.52691
172.34186,-43.59861
172.35139,-43.57929
172.29924,-43.6288
172.31764,-43.58875
172.31667,-43.58051
172.22356,-43.64002
171.89914,-43.57339
172.37683,-43.57102
171.86885,-43.55976
172.38976,-43.58875
172.28714,-43.59937
172.16618,-43.60905
172.32095,-43.61245
172.31741,-43.62411
171.99986,-43.27069
172.50221,-43.61
172.22386,-43.64868
172.11024,-43.65125
172.30832,-43.55744
172.13828,-43.57161
172.21091,-43.63028
172.3913,-43.60484
172.38544,-43.63008
172.49049,-43.61435
172.17799,-43.48222
172.15543,-43.60831
172.16006,-43.56358
172.33191,-43.61646
172.35043,-43.59827
172.38402,-43.56875
172.3409,-43.59161
172.02081,-43.61508
172.06987,-43.60088
172.38165,-43.61794
172.36411,-43.57367
172.15303,-43.58712
171.88568,-43.57306
172.32182,-43.60285
172.39441,-43.61534
172.33548,-43.59407
172.06256,-43.23226
172.33127,-43.59066
172.26932,-43.57839
171.91495,-43.55792
172.11176,-43.61299
172.41629,-43.62996
172.35599,-43.61378
172.3277,-43.69551
172.28105,-43.57343
172.46614,-43.62705
172.30457,-43.58462
172.22464,-43.63124
172.39899,-43.61653
172.15959,-43.60704
172.2939,-43.57759
172.24986,-43.60554
172.17018,-43.49276
172.39076,-43.54349
172.17288,-43.51837
172.1599,-43.46675
172.39435,-43.58497
172.23151,-43.61113
172.32878,-43.60758
172.16852,-43.56732
171.89546,-43.56063
172.36205,-43.60588
172.19095,-43.55274
171.86331,-43.56293
172.30177,-43.54875
172.19989,-43.54879
171.94601,-43.28415
171.95143,-43.28367
172.29234,-43.60044
172.3335,-43.61068
172.37862,-43.5521
171.87044,-43.58463
171.99539,-43.3274
172.15451,-43.601
171.87881,-43.59682
171.86581,-43.56387
171.87405,-43.56808
172.34923,-43.59455
172.36604,-43.57272
172.34149,-43.60024
172.15179,-43.61522
172.21991,-43.63884
171.8519,-43.59093
172.21375,-43.59651
172.39145,-43.55603
172.41617,-43.60085
172.28818,-43.62769
171.87479,-43.58499
172.4039,-43.58034
172.20024,-43.57474
172.17816,-43.59032
172.14212,-43.49034
172.16656,-43.4871
171.83232,-43.57513
172.37746,-43.76475
172.56802,-43.62066
172.09753,-43.58255
172.38651,-43.56329
172.37105,-43.62067
171.91762,-43.57637
172.16182,-43.55718
171.88846,-43.56678
172.15736,-43.45693
172.21921,-43.60927
172.38683,-43.62467
172.32819,-43.59476
172.48763,-43.59405
172.34781,-43.58638
172.20288,-43.64895
172.38124,-43.77665
172.16869,-43.60274
172.203,-43.63712
172.36465,-43.60933
172.40134,-43.53899
172.33237,-43.64842
172.36023,-43.57807
172.54774,-43.58582
172.49248,-43.61938
172.24028,-43.62299
172.10516,-43.49577
172.28146,-43.57037
172.43352,-43.64935
172.21303,-43.63868
172.13272,-43.63144
172.38773,-43.54608
172.48331,-43.58959
172.1981,-43.5261
172.36674,-43.65115
172.1161,-43.5382
172.12791,-43.58572
172.34221,-43.61296
172.4527,-43.64631
171.85167,-43.57538
172.19255,-43.58369
171.88777,-43.5847
172.11658,-43.29712
172.0986,-43.57944
172.15659,-43.61805
172.43417,-43.65665
171.94868,-43.5568
172.48851,-43.72913
172.2504,-43.59742
172.04237,-43.61009
171.87357,-43.58634
172.42624,-43.59146
172.1032,-43.60289
172.38737,-43.60398
172.13805,-43.47689
172.34402,-43.65024
171.85712,-43.57962
172.05074,-43.61517
172.15416,-43.47004
172.16902,-43.61878
172.16292,-43.61534
172.09526,-43.59573
172.11453,-43.44396
172.19553,-43.65386
172.15666,-43.6081
172.43645,-43.59959
171.95036,-43.54735
171.8506,-43.5794
171.97357,-43.54375
172.1492,-43.45839
172.25313,-43.59104
172.39322,-43.54856
172.40381,-43.61781
172.11124,-43.4755
172.50769,-43.50485
171.83704,-43.57198
172.53215,-43.9078
172.40582,-43.59332
172.19174,-43.63005
172.16573,-43.46763
172.7088,-43.93907
172.48697,-43.63803
172.47171,-43.63718
172.42879,-43.5881
172.34932,-43.62639
172.31412,-43.54835
172.06551,-43.60039
172.40587,-43.59293
172.38258,-43.6254
172.27617,-43.56243
172.40781,-43.44815
172.37146,-43.59783
172.28308,-43.54019
172.40613,-43.53836
171.91074,-43.5706
172.23112,-43.6045
172.37814,-43.61052
172.24223,-43.61097
172.27109,-43.51275
172.38991,-43.55844
172.30453,-43.54073
172.14928,-43.59235
171.92702,-43.56948
172.2525,-43.61491
172.30028,-43.56014
172.26463,-43.60812
172.47105,-43.64286
172.39748,-43.58145
172.16055,-43.60273
172.15457,-43.51229
172.44925,-43.738
172.33519,-43.59086
171.88057,-43.54373
172.18196,-43.61688
172.41171,-43.60185
172.17972,-43.58055
172.46115,-43.64681
172.33376,-43.53359
172.22258,-43.59619
172.39568,-43.5615
172.394,-43.56371
172.17152,-43.51338
172.29245,-43.57861
172.38913,-43.61528
172.12579,-43.48425
172.16875,-43.46275
172.42873,-43.7731
172.23367,-43.58861
172.15942,-43.47678
172.40033,-43.54813
172.12482,-43.43966
172.17247,-43.45685
172.17523,-43.47424
172.51427,-43.58228
171.89464,-43.52129
172.54446,-43.59406
172.24603,-43.59237
172.3692,-43.55379
172.16261,-43.47823
172.35518,-43.62511
171.87912,-43.59177
172.19824,-43.59118
172.33653,-43.62108
172.21194,-43.64331
172.28923,-43.57005
172.28818,-43.54436
172.06461,-43.56278
172.07289,-43.59849
172.36134,-43.58003
172.48724,-43.62439
172.26048,-43.59192
172.13161,-43.43206
172.38307,-43.5552
172.38307,-43.56562
172.41107,-43.507
172.4503,-43.65415
172.55843,-43.62481
172.33823,-43.58916
172.26025,-43.61005
172.45279,-43.63036
172.41083,-43.58057
171.85857,-43.60457
172.36302,-43.59272
172.1703,-43.46259
172.17752,-43.52095
172.48798,-43.61528
172.36139,-43.61718
172.17609,-43.4465
172.16562,-43.61657
172.39084,-43.55924
172.14127,-43.5743
172.19122,-43.5007
172.06612,-43.57162
172.36633,-43.58271
172.3004,-43.63563
172.51668,-43.5271
172.39035,-43.57447
172.26509,-43.60921
172.03493,-43.5834
172.41791,-43.57847
172.34746,-43.64267
172.28447,-43.62291
172.34952,-43.59379
171.87901,-43.54667
172.25063,-43.5577
172.37419,-43.59551
172.1963,-43.52776
172.38838,-43.56006
172.05811,-43.56859
172.01018,-43.27164
172.36229,-43.58025
171.9136,-43.57672
172.2937,-43.6127
172.39354,-43.58231
172.44212,-43.82932
172.13651,-43.58632
172.1393,-43.60266
172.51392,-43.79332
172.44104,-43.52121
171.91154,-43.54947
172.37515,-43.55846
172.21465,-43.52666
172.47783,-43.64415
172.32709,-43.60055
171.89046,-43.57623
171.95337,-43.58411
171.88974,-43.54943
172.37253,-43.74868
172.40266,-43.58384
172.17061,-43.5017
172.5583,-43.62937
172.43286,-43.63005
172.3801,-43.56865
172.38025,-43.56393
172.5238,-43.58405
172.38161,-43.55472
171.85748,-43.57884
172.39188,-43.55684
172.48956,-43.62613
172.43771,-43.52274
172.32553,-43.56027
171.86179,-43.5693
172.19391,-43.55455
171.88638,-43.52766
172.36807,-43.5659
172.38159,-43.56385
172.39595,-43.61454
171.89377,-43.53951
172.47055,-43.63601
172.23045,-43.61353
172.47835,-43.6174
172.35759,-43.57785
172.3819,-43.56094
172.38155,-43.55667
172.34467,-43.59589
172.39426,-43.56375
172.33975,-43.59227
171.84453,-43.57986
172.38214,-43.55365
171.84741,-43.58017
172.39165,-43.57128
171.88065,-43.57105
172.41733,-43.53486
172.43311,-43.62395
172.34018,-43.5802
172.31667,-43.562
171.8266,-43.59192
172.36214,-43.58667
171.93562,-43.56523
172.40036,-43.54985
172.44783,-43.64912
172.16223,-43.44773
172.22934,-43.64505
172.2726,-43.60334
172.51292,-43.57736
171.90381,-43.57948
171.92139,-43.56721
172.34161,-43.52772
172.50015,-43.60415
172.30072,-43.59246
172.21533,-43.6081
172.14522,-43.6097
171.92552,-43.54964
172.26605,-43.54195
172.30402,-43.56564
172.16504,-43.52077
172.11719,-43.41614
172.3493,-43.5967
172.38264,-43.56728
172.36296,-43.57087
172.35896,-43.5994
171.89362,-43.56411
172.27202,-43.59014
171.92352,-43.56187
172.26883,-43.59365
172.11375,-43.44753
171.93196,-43.55234
172.34853,-43.58931
172.38866,-43.5859
172.29442,-43.59959
172.27167,-43.61481
171.88699,-43.59753
172.37694,-43.5895
172.37404,-43.63925
172.24081,-43.60692
171.88007,-43.56591
172.41878,-43.63052
172.44391,-43.64857
172.47609,-43.63757
172.34052,-43.59718
172.31398,-43.55311
172.6501,-43.62369
172.07011,-43.59402
171.89948,-43.57034
172.35184,-43.53958
172.1864,-43.59785
172.18762,-43.57882
171.60323,-43.22526
172.37747,-43.62923
171.64653,-43.45272
172.16484,-43.49217
172.16435,-43.46682
171.89174,-43.56489
172.29355,-43.60841
172.32536,-43.58273
172.2224,-43.59943
172.35425,-43.57412
171.81161,-43.54213
172.24861,-43.54232
171.87898,-43.52552
172.45633,-43.6455
172.44801,-43.58546
172.18733,-43.55341
172.49969,-43.84702
172.2056,-43.56073
172.44601,-43.64127
172.33987,-43.58891
172.3185,-43.61397
172.41396,-43.62792
172.39348,-43.59653
172.38626,-43.6244
172.41078,-43.5924
172.33395,-43.6064
172.11713,-43.60604
172.37498,-43.64516
172.3894,-43.60466
172.43541,-43.58759
172.38191,-43.55975
172.36572,-43.58481
172.32773,-43.55262
172.0918,-43.60648
172.35753,-43.62309
172.1813,-43.53687
172.37578,-43.56649
172.37947,-43.57884
172.15904,-43.63218
172.17007,-43.59495
171.88789,-43.5539
172.33887,-43.6161
172.0058,-43.6356
172.28836,-43.56548
172.3394,-43.60327
172.09613,-43.61114
172.13251,-43.49569
172.1843,-43.45299
172.16507,-43.5093
172.28122,-43.56471
172.4545,-43.61432
172.4621,-43.63038
172.35638,-43.60094
172.18262,-43.47612
171.95984,-43.62115
172.40942,-43.54927
171.88049,-43.56316
172.20399,-43.64301
172.10735,-43.60278
171.71867,-43.54746
171.8725,-43.6081
172.44447,-43.6275
172.28462,-43.56189
172.20888,-43.57295
172.17586,-43.48945
171.94395,-43.56361
172.18729,-43.54075
172.43188,-43.52438
172.36684,-43.56763
171.91595,-43.54303
172.35307,-43.56174
172.16728,-43.60006
172.36034,-43.57512
172.16905,-43.46141
172.13467,-43.4249
172.31882,-43.57853
172.36644,-43.57359
172.18394,-43.44949
172.46385,-43.6242
172.38896,-43.58567
172.46806,-43.61501
172.15135,-43.59487
172.09862,-43.33559
172.38304,-43.56069
172.53505,-43.5249
172.41202,-43.61956
171.9325,-43.55859
171.93559,-43.54901
171.72896,-43.56557
172.37892,-43.5643
172.06644,-43.56297
172.34068,-43.60088
172.38551,-43.5771
172.14275,-43.44202
172.40364,-43.56105
172.21645,-43.61994
172.39511,-43.62747
171.89792,-43.57962
172.27377,-43.5831
172.07594,-43.60781
172.36543,-43.64577
172.17398,-43.5445
172.35982,-43.5957
172.18512,-43.60927
172.15454,-43.42163
171.89462,-43.6036
172.4019,-43.56191
172.50092,-43.61507
172.32045,-43.57207
172.37103,-43.57177
172.37695,-43.56195
172.28047,-43.62717
172.16357,-43.45596
172.27672,-43.58072
172.07388,-43.6065
172.40561,-43.58317
172.43008,-43.54607
172.34569,-43.59161
171.98843,-43.57682
172.32777,-43.53852
172.29654,-43.56627
171.88667,-43.5627
172.4826,-43.62358
172.37885,-43.55983
172.27338,-43.57288
172.3183,-43.53407
172.14282,-43.48438
172.28809,-43.60363
171.8605,-43.59803
172.04156,-43.59733
172.25377,-43.60587
171.9532,-43.55488
172.15288,-43.57272
172.24489,-43.60568
172.08841,-43.60254
172.44148,-43.63482
172.42197,-43.59809
172.16914,-43.58216
172.3513,-43.59584
171.90036,-43.55429
172.30635,-43.54722
171.88106,-43.57154
171.97101,-43.52423
172.17006,-43.51339
172.367,-43.64837
172.40741,-43.63651
172.3416,-43.59602
171.89236,-43.59226
172.40195,-43.57739
172.70235,-43.59204
172.59624,-43.58949
172.35063,-43.6123
172.62892,-43.57989
172.1685,-43.60662
172.68251,-43.58176
172.18419,-43.46335
171.84875,-43.58932
172.08501,-43.59991
172.38153,-43.55746
172.06949,-43.6046
172.13066,-43.6144
172.31285,-43.59966
172.68999,-43.58127
172.20192,-43.61151
172.26337,-43.61356
172.31383,-43.60743
172.38249,-43.58959
172.15965,-43.60064
172.4469,-43.62891
172.0844,-43.60395
172.87256,-43.81368
172.5502,-43.601
172.18065,-43.56829
172.41354,-43.83591
172.37231,-43.55384
172.71924,-43.56173
172.42554,-43.53149
171.91585,-43.58641
172.40752,-43.58302
172.16093,-43.43553
172.50983,-43.64353
172.32375,-43.60072
171.88167,-43.55503
172.46562,-43.63298
172.28983,-43.60745
172.46626,-43.61176
172.16289,-43.57722
172.41394,-43.55344
172.01266,-43.56865
172.6024,-43.58041
171.9769,-43.55056
172.3501,-43.5867
172.43886,-43.65248
172.94716,-43.71476
172.91724,-43.70629
172.35466,-43.58918
172.12451,-43.51031
172.42043,-43.82941
172.57909,-43.58105
172.3028,-43.56591
172.18771,-43.47487
172.58916,-43.5713
172.36768,-43.57954
172.27689,-43.58302
172.18112,-43.57954
172.47723,-43.80473
172.35051,-43.58738
172.66583,-43.57915
172.46021,-43.64115
172.15059,-43.58671
172.72066,-43.54805
172.18095,-43.31981
172.231,-43.61035
172.46252,-43.63556
172.2818,-43.61408
172.64108,-43.57646
172.43382,-43.63728
171.94829,-43.58239
172.20778,-43.59237
172.27463,-43.58088
172.56996,-43.57947
172.16786,-43.47035
172.39639,-43.54146
172.2114,-43.61654
172.19119,-43.30622
172.00404,-43.26368
172.47514,-43.62017
172.18944,-43.53986
172.70546,-43.62131
173.12973,-43.69793
172.2718,-43.59626
172.25162,-43.33458
172.19469,-43.56748
172.24713,-43.49894
172.53056,-43.66232
172.05663,-43.6234
172.2285,-43.59882
171.94676,-43.56811
172.34235,-43.57624
172.39943,-43.60103
172.18657,-43.46129
171.96272,-43.55995
172.17838,-43.52188
172.14497,-43.48487
172.39963,-43.59509
172.34784,-43.51048
172.18506,-43.53716
171.88454,-43.57747
172.17061,-43.5964
171.86099,-43.60773
172.30038,-43.60141
172.35141,-43.60211
171.9751,-43.63441
172.10887,-43.5862
172.14713,-43.47795
172.67288,-43.57121
172.0154,-43.56874
172.18253,-43.49131
172.28333,-43.5994
172.37271,-43.54709
172.36523,-43.51222
172.37257,-43.59409
172.21249,-43.61236
172.47418,-43.63675
172.37132,-43.60976
172.16,-43.56017
172.34273,-43.59135
172.47566,-43.60078
172.45515,-43.62322
172.34915,-43.59518
172.1534,-43.51271
172.31483,-43.62651
172.17569,-43.50544
172.49783,-43.62049
172.51367,-43.59771
172.36092,-43.59407
172.32121,-43.59851
172.40576,-43.64133
172.34686,-43.58232
171.87025,-43.58536
172.53336,-43.68702
172.22154,-43.58189
172.38153,-43.60408
172.27831,-43.60596
171.91109,-43.5715
172.26216,-43.59541
172.30386,-43.5449
172.13872,-43.61036
172.18237,-43.55819
172.16002,-43.44484
171.88919,-43.56466
172.44801,-43.62089
172.41885,-43.63204
172.15874,-43.4667
171.82347,-43.59269
172.82285,-43.68356
172.91415,-43.67986
171.90028,-43.60236
172.42271,-43.62339
171.87068,-43.5898
172.17661,-43.4646
172.07529,-43.46648
171.9852,-43.55902
172.39961,-43.51543
171.89838,-43.60508
172.25029,-43.57351
172.45645,-43.62772
172.16252,-43.49704
172.1487,-43.60117
172.1711,-43.58183
171.89592,-43.32477
172.2467,-43.61169
172.53844,-43.62102
171.95,-43.55725
172.11819,-43.48333
172.16267,-43.46562
172.32292,-43.58001
172.69353,-43.56112
171.90707,-43.33663
171.91566,-43.34045
172.05925,-43.6068
172.36668,-43.75178
172.37135,-43.61192
172.09897,-43.59776
172.38168,-43.56386
172.79938,-43.59211
172.19107,-43.49599
172.16191,-43.61191
172.17882,-43.57513
171.93665,-43.52303
172.39252,-43.59872
172.36401,-43.60868
172.0042,-43.24848
172.35001,-43.54745
172.15419,-43.60249
172.29436,-43.56363
172.3524,-43.58697
172.39856,-43.56206
172.58452,-43.58892
172.38043,-43.56489
172.1821,-43.64781
172.38586,-43.58316
172.4071,-43.61858
172.41763,-43.5494
172.12054,-43.61297
172.58684,-43.58503
172.57527,-43.58951
171.85582,-43.59015
171.94604,-43.5412
172.39993,-43.60197
172.1582,-43.61616
172.215,-43.54198
173.06447,-43.71725
172.41219,-43.55002
171.87714,-43.57917
172.12213,-43.43512
172.46729,-43.54942
172.29819,-43.57792
172.48103,-43.56088
172.42036,-43.54745
172.35399,-43.58827
172.16217,-43.45824
172.05443,-43.60091
172.40036,-43.579
173.19609,-43.55324
172.71094,-43.59552
172.19023,-43.51322
172.24931,-43.59133
172.06262,-43.60512
172.12244,-43.4837
172.40994,-43.54797
171.92209,-43.46677
172.20515,-43.61043
172.19283,-43.44839
171.89369,-43.54577
172.39735,-43.55322
172.18951,-43.56206
172.25819,-43.60109
172.18689,-43.48919
171.87679,-43.58387
172.19582,-43.59182
172.40518,-43.55622
172.11269,-43.42229
172.02536,-43.58649
172.39915,-43.57545
172.5643,-43.58332
172.4446,-43.64554
172.17377,-43.48917
172.11497,-43.40508
172.92096,-42.66803
171.89792,-43.60205
172.56999,-43.59243
172.32809,-43.54227
172.2997,-43.61117
172.45383,-43.62701
171.91078,-43.59276
171.86392,-43.582
172.1757,-43.46328
172.39517,-43.57084
172.32918,-43.60554
172.40323,-43.53659
171.87766,-43.57034
172.66093,-43.55935
172.43016,-43.63506
172.37511,-43.61072
171.80388,-43.56639
172.44502,-43.86618
172.41708,-43.60007
172.91292,-43.72765
172.47261,-43.66306
172.57051,-43.49605
172.4798,-43.6147
172.158,-43.59053
172.08859,-43.50563
172.12715,-43.43557
171.7477,-43.59368
172.27101,-43.57436
171.92986,-43.54666
171.97569,-43.57244
172.15097,-43.61997
172.54558,-43.62925
172.48569,-43.6602
172.39507,-43.62534
172.18591,-43.6067
172.20935,-43.61684
172.20914,-43.59906
172.19395,-43.56443
172.09943,-43.62333
172.24159,-43.59413
172.24791,-43.6029
172.29297,-43.53806
171.92336,-43.56666
172.16536,-43.4789
172.37979,-43.62913
172.43182,-43.60438
172.60083,-43.63839
172.15227,-43.55529
172.48991,-43.64071
172.04903,-43.57963
172.15689,-43.5961
172.36021,-43.57542
172.41273,-43.54794
172.46519,-43.63283
172.49834,-43.56888
172.25143,-43.59861
172.42065,-43.61139
172.39517,-43.62634
172.42636,-43.53765
172.32295,-43.53723
171.97981,-43.52918
171.87242,-43.57865
172.35551,-43.56483
172.38394,-43.62205
171.90062,-43.58632
171.89754,-43.56614
172.369,-43.36597
172.33429,-43.60344
172.46672,-43.64834
172.46904,-43.61364
171.8849,-43.56703
172.44795,-43.64781
171.85738,-43.58034
172.44858,-43.54964
171.90958,-43.55048
171.82098,-43.61896
172.39175,-43.56599
172.39388,-43.57048
172.16258,-43.5994
172.53001,-43.63042
172.02744,-43.54929
172.06958,-43.58489
172.17314,-43.58288
172.22935,-43.50145
172.50197,-43.64132
172.42299,-43.5951
172.39732,-43.57388
172.15559,-43.60115
172.201,-43.56171
172.17635,-43.52084
172.18855,-43.65499
172.34285,-43.5825
172.4039,-43.60889
172.52562,-43.59928
172.39592,-43.56036
172.11481,-43.60616
171.86629,-43.56493
172.10933,-43.60774
172.23206,-43.61564
172.19318,-43.48565
172.45683,-43.60006
172.41464,-43.58524
172.16406,-43.47106
172.30074,-43.58726
172.44295,-43.55798
172.38646,-43.63077
172.34781,-43.57504
172.18053,-43.4557
172.04706,-43.61198
172.42076,-43.61214
172.83081,-43.75861
172.37593,-43.61444
172.41342,-43.55449
172.37607,-43.60088
172.37816,-43.76894
172.37364,-43.55294
172.29788,-43.57125
172.30215,-43.57195
172.0471,-43.56956
172.45827,-43.61956
172.4631,-43.71142
172.1114,-43.46975
172.47069,-43.60836
172.26645,-43.60717
171.96529,-43.34892
172.20802,-43.55624
172.11165,-43.58689
171.73441,-43.77054
172.27533,-43.61346
172.42596,-43.58495
172.3755,-43.5837
172.28476,-43.56617
172.50002,-43.6132
172.22838,-43.61505
172.19688,-43.54294
172.38713,-43.55091
172.12589,-43.59884
172.28506,-43.57788
172.42647,-43.5812
172.18958,-43.49182
172.44913,-43.61486
172.01176,-43.27133
172.19881,-43.55449
172.38155,-43.57401
172.31198,-43.59667
172.12959,-43.53102
172.24147,-43.61461
171.88324,-43.55173
172.36818,-43.61202
172.24759,-43.58943
172.14839,-43.6134
172.04109,-43.58376
171.90402,-43.55144
172.40196,-43.59403
172.42188,-43.58788
172.88257,-43.66441
171.89786,-43.56095
172.2753,-43.5583
172.38753,-43.60191
172.14359,-43.60294
172.40274,-43.59506
171.88487,-43.58791
172.2773,-43.60794
172.40088,-43.61297
172.19154,-43.59987
172.20082,-43.60848
172.4821,-43.61829
172.39104,-43.59973
171.87068,-43.6049
172.82095,-43.86544
172.36554,-43.52806
172.35371,-43.57821
172.69348,-43.57384
172.14952,-43.49202
172.17818,-43.59241
172.28342,-43.54189
171.90781,-43.56168
172.39246,-43.64082
172.37878,-43.7812
172.30576,-43.61341
172.39781,-43.61494
172.39145,-43.57417
172.45093,-43.65061
172.39542,-43.55092
172.13309,-43.60902
171.94533,-43.5677
172.25551,-43.6147
172.15381,-43.60437
172.23396,-43.61772
172.37535,-43.76675
172.49957,-43.60468
172.43752,-43.58867
172.35016,-43.59142
171.87512,-43.53609
172.37404,-43.64511
171.87703,-43.56743
172.4666,-43.62654
172.29915,-43.55391
172.56152,-43.59312
172.94386,-43.63733
172.33482,-43.59412
172.16501,-43.53239
172.38385,-43.55626
172.42052,-43.77138
172.39449,-43.54493
172.47794,-43.64327
172.67303,-43.57917
172.18887,-43.50059
172.12115,-43.45336
172.4404,-43.63146
172.38864,-43.57585
171.88762,-43.56807
172.41855,-43.53515
172.39322,-43.57403
172.09653,-43.46101
172.26021,-43.59931
172.3998,-43.57139
172.46059,-43.58968
172.36633,-43.5834
172.04359,-43.56594
172.17012,-43.46537
172.16145,-43.50161
172.64915,-43.58346
172.38098,-43.6125
172.47571,-43.61874
172.38747,-43.56513
172.3315,-43.56565
172.31042,-43.52449
172.00278,-43.57765
172.49524,-43.60741
172.26271,-43.59704
172.39319,-43.56929
172.46793,-43.63734
171.95773,-43.5501
172.19104,-43.54332
172.20531,-43.62746
172.21326,-43.61948
172.09665,-43.5825
172.10683,-43.59902
172.33688,-43.53892
172.15645,-43.46714
172.26711,-43.55383
172.3335,-43.61541
172.38478,-43.59322
172.4126,-43.60536
172.40802,-43.53983
172.49736,-43.62455
172.18503,-43.50525
172.98987,-43.6112
171.99261,-43.5745
172.30537,-43.55682
172.46812,-43.63958
172.53535,-43.53394
172.50269,-43.51495
172.42325,-43.59815
172.4957,-43.59906
172.36969,-43.5812
171.87251,-43.5766
171.65346,-43.88177
172.38025,-43.57814
172.33516,-43.59112
172.18069,-43.4799
172.35657,-43.59095
171.95438,-43.35443
172.57835,-43.57869
172.133,-43.47799
172.30647,-43.55345
172.35527,-43.61859
172.1118,-43.59457
172.22784,-43.6188
172.49295,-43.56075
172.22469,-43.60644
172.17447,-43.57475
172.08458,-43.216
172.17752,-43.54124
172.19676,-43.50757
171.85202,-43.59491
172.31749,-43.60983
172.33859,-43.60133
172.29428,-43.55092
172.3448,-43.62265
172.33304,-43.59686
172.03447,-43.58659
172.3725,-43.56456
172.41458,-43.56293
172.14763,-43.56826
172.15034,-43.57677
171.84886,-43.57505
172.39481,-43.62651
172.39507,-43.57508
172.6622,-43.57367
172.38486,-43.58469
172.11856,-43.45403
172.24086,-43.62049
172.32352,-43.53868
172.07706,-43.61517
172.38109,-43.56168
172.56412,-43.59452
172.26601,-43.61177
172.45908,-43.62922
172.48172,-43.61261
172.16583,-43.60833
172.37575,-43.61265
172.23958,-43.61019
172.44029,-43.58924
172.026,-43.50193
172.29802,-43.56603
172.02829,-43.22586
172.34604,-43.61364
172.38087,-43.55815
172.39529,-43.62675
172.3708,-43.56452
171.88094,-43.57714
171.91875,-43.57597
171.9534,-43.34408
172.38097,-43.57735
172.40648,-43.5879
172.17224,-43.51442
172.40244,-43.5817
172.17654,-43.46315
172.29819,-43.55138
172.38754,-43.56694
172.35855,-43.57609
172.30402,-43.55276
172.62117,-43.58611
172.36925,-43.57579
172.40247,-43.62541
172.33493,-43.59781
172.43365,-43.63242
171.92949,-43.5354
172.2028,-43.50204
172.15636,-43.49944
172.52365,-43.62933
172.37704,-43.61968
172.27402,-43.61967
172.33676,-43.59604
171.90883,-43.55633
172.38734,-43.57159
172.3891,-43.6266
172.33961,-43.5834
172.08224,-43.20288
172.19592,-43.5461
172.48407,-43.65877
171.86237,-43.58212
172.07811,-43.58074
172.18301,-43.58295
172.46695,-43.62318
171.90863,-43.55025
172.02562,-43.27037
172.31789,-43.5643
172.18405,-43.47341
172.3022,-43.5644
171.65334,-43.83992
172.45744,-43.62989
172.39642,-43.57344
172.42346,-43.52697
172.38847,-43.63843
172.4978,-43.62374
172.42442,-43.53585
172.16104,-43.59375
172.16888,-43.44161
172.16948,-43.47509
172.41141,-43.5659
171.84039,-43.56256
172.35878,-43.59078
171.7966,-43.53187
172.37988,-43.56258
172.43257,-43.60915
172.35378,-43.50537
172.44215,-43.59227
172.1667,-43.56281
172.39671,-43.63237
172.14153,-43.60456
172.47815,-43.61757
172.1348,-43.5653
172.42503,-43.63413
172.3913,-43.56915
172.39267,-43.59841
172.17696,-43.49127
172.16106,-43.44758
172.27371,-43.59869
172.27338,-43.60501
172.1353,-43.46915
172.17166,-43.47528
172.47902,-43.80633
172.41734,-43.59509
172.35883,-43.58182
172.32594,-43.65655
172.16206,-43.54942
172.59196,-43.57818
172.38762,-43.56606
172.19849,-43.55531
172.40543,-43.6092
172.44014,-43.65013
172.3065,-43.57261
172.22911,-43.61433
172.39284,-43.62617
172.08881,-43.58275
172.15355,-43.57856
172.07809,-43.57996
172.08081,-43.57961
172.17097,-43.49086
171.92194,-43.53959
172.35944,-43.58512
172.35933,-43.56293
172.1801,-43.64826
172.3764,-43.59843
172.32449,-43.54898
172.35904,-43.74621
172.05385,-43.56419
172.37518,-43.56979
172.38976,-43.55208
171.87099,-43.56084
172.42496,-43.8281
172.19362,-43.63749
172.35579,-43.58532
172.15752,-43.58369
172.54898,-43.57774
172.30423,-43.59867
172.27489,-43.59331
171.95105,-43.53613
172.2244,-43.61081
172.5217,-43.57969
172.4472,-43.64401
172.4299,-43.65896
172.41212,-43.54744
172.37511,-43.60305
172.46161,-43.63757
172.21355,-43.63202
172.18156,-43.59454
172.41209,-43.61732
171.8465,-43.5782
172.26074,-43.63174
171.88319,-43.56139
172.45328,-43.64479
171.90024,-43.60568
172.49696,-43.62751
172.45634,-43.6311
172.35147,-43.64045
172.32814,-43.60479
172.49805,-43.6258
172.485,-43.55625
172.53197,-43.53948
172.45738,-43.63943
172.48138,-43.51874
172.4292,-43.56901
172.36449,-43.59921
172.14981,-43.42074
172.47485,-43.62035
172.498,-43.59786
172.39522,-43.57157
171.56946,-43.61909
172.35593,-43.62946
172.51579,-43.4173
172.19493,-43.6149
172.37746,-43.60158
171.85405,-43.58238
172.29817,-43.56733
172.32872,-43.67005
172.33214,-43.55766
172.34721,-43.65412
172.26155,-43.60505
172.1581,-43.44985
171.93126,-43.5384
172.21042,-43.57071
172.18767,-43.52143
172.07016,-43.60709
172.44733,-43.6378
172.18951,-43.57847
172.18526,-43.60326
171.8772,-43.56657
172.37022,-43.60397
172.28075,-43.58571
171.85123,-43.57046
172.24307,-43.61726
172.17218,-43.51115
171.8531,-43.57262
172.17561,-43.57375
172.19368,-43.53574
172.48433,-43.58327
172.34843,-43.60033
172.33147,-43.60471
172.16214,-43.61901
172.39027,-43.54884
172.17883,-43.50536
172.32176,-43.59968
172.39421,-43.55883
171.9064,-43.5463
171.87938,-43.54496
172.14194,-43.47785
172.15305,-43.62008
171.88925,-43.56961
172.34897,-43.60279
172.12801,-43.49496
172.45108,-43.53805
172.17029,-43.51118
172.07314,-43.25839
172.48137,-43.62645
172.48387,-43.62374
172.21593,-43.61125
172.39426,-43.60819
172.47899,-43.61845
172.46935,-43.62819
172.59026,-43.59346
172.45834,-43.62963
172.46422,-43.63302
171.85426,-43.57585
171.93001,-43.5296
172.46555,-43.64244
172.35657,-43.61292
172.07413,-43.25967
172.47992,-43.61401
172.37866,-43.5504
172.60747,-43.46014
172.0336,-43.59846
172.16248,-43.58556
172.3286,-43.63504
172.61177,-43.58517
172.39891,-43.60594
172.27682,-43.60852
172.18987,-43.5019
172.4736,-43.61683
172.4613,-43.62231
172.96971,-42.90626
172.41093,-43.55717
171.93867,-43.56347
172.4621,-43.6298
172.22017,-43.60986
172.40694,-43.55934
172.42586,-43.53765
172.39491,-43.56367
172.40858,-43.55372
172.36629,-43.5837
171.93776,-43.51758
172.24968,-43.62548
172.16298,-43.44667
172.38347,-43.55823
172.4892,-43.61357
172.49135,-43.61224
172.10173,-43.58943
172.45111,-43.62557
172.35307,-43.58906
171.94205,-43.53455
172.39388,-43.59793
172.33778,-43.60038
172.50549,-43.42126
172.43581,-43.56532
172.09711,-43.48542
172.35104,-43.59518
172.30652,-43.55874
172.00359,-43.27063
172.27298,-43.6067
172.007,-43.25029
172.39322,-43.58363
172.16483,-43.43381
172.30659,-43.57426
172.37366,-43.59018
172.36176,-43.60196
172.48112,-43.61628
172.38734,-43.62596
172.1209,-43.50688
172.29959,-43.50623
172.31252,-43.63754
172.29794,-43.55166
172.3093,-43.62194
171.87732,-43.59752
171.97961,-43.49771
172.05991,-43.57386
172.32832,-43.6048
172.07515,-43.3821
172.55362,-43.58834
172.16005,-43.58693
172.46828,-43.61269
172.46313,-43.63152
172.42741,-43.53995
172.42789,-43.53702
172.29254,-43.55919
172.40166,-43.55009
172.35756,-43.59536
171.93425,-43.54845
172.40237,-43.55805
172.43439,-43.53542
172.3701,-43.57035
172.51671,-43.46249
172.5439,-43.59127
172.37025,-43.59906
172.17435,-43.61348
172.09468,-43.59772
172.36382,-43.74562
172.18587,-43.56147
172.59123,-43.46101
172.07632,-43.46775
172.16394,-43.45958
172.16057,-43.45932
172.23381,-43.60684
172.17955,-43.45948
172.39008,-43.55629
172.22012,-43.59514
172.64815,-43.57431
172.37079,-43.61642
172.38541,-43.62434
172.43193,-43.55662
172.16553,-43.528
172.33487,-43.62828
172.13687,-43.47448
172.20276,-43.58467
172.08215,-43.60114
172.36768,-43.59379
172.17738,-43.5192
171.88565,-43.56315
172.674,-43.40966
172.37161,-43.56417
172.19157,-43.55822
172.16533,-43.49281
172.34499,-43.58444
172.35393,-43.62042
171.83939,-43.56678
172.60654,-43.5894
172.49506,-43.60651
172.34485,-43.59789
172.40599,-43.59257
172.29401,-43.603
172.39372,-43.58726
172.10677,-43.59515
172.16231,-43.43963
172.0457,-43.62429
172.39,-43.58281
172.0871,-43.60051
172.61472,-43.59496
172.33597,-43.64905
172.47676,-43.61751
172.46677,-43.54853
171.87814,-43.55125
172.35757,-43.58402
172.15234,-43.52889
172.35213,-43.58258
172.36195,-43.58491
172.37376,-43.59134
172.44974,-43.62254
172.13553,-43.47467
172.16208,-43.46151
172.27354,-43.61847
172.2431,-43.59991
172.4619,-43.6222
172.2516,-43.60983
171.88235,-43.54019
172.33055,-43.63223
172.04433,-43.60889
172.41618,-43.62925
171.86592,-43.57967
171.85347,-43.58656
171.8831,-43.5495
172.30832,-43.59583
172.38008,-43.61782
172.45557,-43.63326
172.4782,-43.61762
172.31462,-43.61803
172.17157,-43.58335
172.45802,-43.6323
172.03784,-43.31122
172.39255,-43.57683
172.20047,-43.53191
172.31503,-43.58987
172.30977,-43.58626
171.914,-43.57205
172.19354,-43.54312
172.38112,-43.58043
172.26878,-43.61911
172.45067,-43.63298
172.38408,-43.5793
172.26688,-43.58791
172.16734,-43.45999
172.60173,-43.59192
172.36566,-43.58527
172.29489,-43.57388
171.84435,-43.58808
172.39087,-43.55341
172.39885,-43.62668
172.01338,-43.5661
171.84839,-43.59161
172.3709,-43.59464
172.27895,-43.57742
172.45151,-43.63843
172.35631,-43.59219
172.09117,-43.46286
171.98991,-43.55344
172.41188,-43.57209
172.49181,-43.60254
172.33878,-43.43254
172.37457,-43.57877
172.41791,-43.61681
172.18204,-43.50587
172.46747,-43.63481
172.37538,-43.5684
172.38916,-43.58305
172.36557,-43.65638
172.394,-43.56394
172.13557,-43.57526
172.12291,-43.59602
172.38194,-43.5721
172.37573,-43.7826
172.00763,-43.26411
172.45961,-43.63984
172.58022,-43.55917
172.00461,-43.26491
172.0054,-43.26432
172.34857,-43.5831
172.39632,-43.57876
172.40997,-43.65213
172.45316,-43.63129
172.24532,-43.63742
172.04872,-43.61277
172.15996,-43.46024
172.44266,-43.86072
172.14085,-43.44785
172.14418,-43.61944
172.35724,-43.58942
172.48331,-43.52751
172.41649,-43.62866
172.15854,-43.61832
172.32059,-43.62448
172.47028,-43.62929
172.24298,-43.6093
172.68719,-43.55576
172.13937,-43.61291
172.23141,-43.60585
172.1454,-43.62285
171.95616,-43.54857
172.46646,-43.61758
172.35774,-43.60247
172.1658,-43.64011
172.3085,-43.6241
172.29468,-43.60185
172.39018,-43.55953
172.36852,-43.57121
172.36792,-43.56709
171.90048,-43.54502
172.20648,-43.38461
172.24184,-43.60944
172.6306,-43.58343
172.35252,-43.61927
171.88185,-43.56099
172.11652,-43.45108
172.38268,-43.56874
172.32814,-43.60268
172.4731,-43.6343
171.8623,-43.59724
172.37595,-43.60579
172.34798,-43.43252
172.12094,-43.38533
172.48996,-43.58127
172.29309,-43.58316
172.50867,-43.60293
172.13049,-43.50592
172.12785,-43.40109
172.34048,-43.60065
172.29361,-43.58832
172.34599,-43.57858
172.36163,-43.60214
172.17516,-43.58344
172.15723,-43.59133
172.1288,-43.37527
172.33885,-43.59803
172.418,-43.67034
171.85551,-43.57745
172.08833,-43.0116
172.07597,-43.01402
171.67024,-43.55387
172.17827,-43.45279
172.22893,-43.6366
171.80713,-43.55483
172.15587,-43.48024
172.47896,-43.61874
172.42816,-43.54459
172.16827,-43.51386
172.23137,-43.62307
172.32515,-43.63478
172.64479,-43.59056
172.38962,-43.61207
172.55417,-43.61635
171.68874,-43.58343
172.29799,-43.61482
172.15456,-43.47282
172.2803,-43.57175
172.28616,-43.58291
172.28795,-43.60438
172.52342,-43.62106
172.31859,-43.61629
172.30707,-43.61229
172.2095,-43.58003
172.33702,-43.65303
172.28618,-43.5646
172.40398,-43.60469
171.75439,-43.60357
172.62433,-43.62214
172.14426,-43.58683
172.12025,-43.48816
172.24283,-43.576
172.43501,-43.60848
171.67715,-43.5718
172.53241,-43.40732
172.45367,-43.62066
172.77802,-43.76042
172.06448,-43.61066
172.41925,-43.61833
172.37112,-43.58187
171.87016,-43.55201
172.59874,-43.5612
172.07797,-43.60486
172.35147,-43.65432
171.82246,-43.59976
172.33563,-43.61592
172.21608,-43.61236
172.39462,-43.61813
172.63127,-43.58485
172.34381,-43.58229
172.35664,-43.58657
172.45268,-43.64052
172.40022,-43.62911
172.4073,-43.61613
172.0397,-43.61446
171.9431,-43.54206
171.92038,-43.56189
172.37782,-43.55983
172.20035,-43.62238
172.40208,-43.54152
172.40344,-43.53078
172.1993,-43.53154
172.37238,-43.61102
172.32176,-43.60974
172.37093,-43.62535
172.2261,-43.60348
172.38351,-43.62695
172.05664,-43.5988
172.41684,-43.60736
172.60773,-43.5925
172.4769,-43.61327
172.39984,-43.61047
172.37245,-43.65516
172.14505,-43.55206
172.06377,-43.59909
172.34062,-43.6218
172.35472,-43.60522
172.05687,-43.58107
172.61555,-43.44803
171.90363,-43.55626
172.42549,-43.56877
172.15988,-43.59753
172.16982,-43.50904
171.92244,-43.54157
172.4102,-43.58722
171.94217,-43.57075
172.40239,-43.61841
172.41658,-43.5514
171.97882,-43.52352
171.84921,-43.57239
172.36049,-43.56446
172.40985,-43.63206
172.3652,-43.6778
171.35031,-42.89363
172.42474,-43.58749
171.74252,-43.54914
172.36649,-43.60217
171.9458,-43.54522
172.31793,-43.55196
172.44571,-43.64908
172.44482,-43.64883
172.18311,-43.60007
172.17166,-43.46267
172.19435,-43.57332
171.89041,-43.5753
172.18938,-43.5593
172.37755,-43.57727
172.3286,-43.61222
172.17378,-43.44665
172.27264,-43.59252
172.61594,-43.43911
172.46858,-43.6232
172.56197,-43.46947
172.03421,-43.59301
172.11731,-43.59457
172.14709,-43.47636
171.89577,-43.54804
172.38982,-43.57693
172.40062,-43.57546
172.44948,-43.63254
172.60368,-43.59851
172.60686,-43.58828
172.38565,-43.56565
172.03656,-43.58175
172.08792,-43.6065
172.36063,-43.56276
172.04861,-43.58118
172.36583,-43.55764
172.15039,-43.47844
172.14888,-43.48023
172.17917,-43.51057
172.17177,-43.60196
172.465,-43.43431
172.40266,-43.61818
172.16031,-43.4687
172.47144,-43.60862
172.12015,-43.38378
172.5773,-43.47338
172.41937,-43.62467
172.60991,-43.45342
172.40041,-43.60972
172.31439,-43.6285
172.18057,-43.51091
172.0798,-43.39585
172.46272,-43.63993
171.9256,-43.53992
172.23547,-43.60591
172.02209,-43.22447
172.41095,-43.59651
172.46606,-43.58541
172.2001,-43.51902
171.82248,-43.24113
172.35638,-43.60751
172.3819,-43.57519
172.06372,-43.57298
172.45242,-43.64118
172.32797,-43.56215
172.40834,-43.66
172.17125,-43.52371
172.30994,-43.55498
172.42758,-43.56485
171.8463,-43.59252
172.39313,-43.6228
172.22633,-43.61706
172.36505,-43.70743
172.42552,-43.55859
172.27309,-43.60355
171.87547,-43.56699
172.39595,-43.62634
172.33122,-43.55257
172.37651,-43.60569
172.83455,-43.74408
172.50368,-43.59668
172.47917,-43.5404
172.18378,-43.60503
172.13564,-43.4849
171.80406,-43.57917
172.10294,-43.47908
172.52022,-43.59823
172.43283,-43.55752
172.34886,-43.60978
171.88383,-43.55124
171.87811,-43.58178
172.03568,-43.61163
172.45236,-43.59544
171.90341,-43.5639
172.2027,-43.48444
172.24266,-43.6147
172.15848,-43.60218
172.40497,-43.58224
171.85266,-43.57077
172.08025,-43.33798
171.90302,-43.53496
172.11346,-43.59543
172.07861,-43.45521
172.36493,-43.50393
172.29889,-43.59831
172.39932,-43.58043
172.15131,-43.47707
171.8528,-43.58138
172.20697,-43.62737
172.38188,-43.52019
172.37091,-43.58791
172.34416,-43.609
172.21223,-43.63953
172.4823,-43.50008
172.54073,-43.60845
172.34982,-43.60019
172.17534,-43.64016
172.12537,-43.51812
172.32068,-43.60479
171.90952,-43.58849
172.1801,-43.54857
172.61505,-43.58374
172.39365,-43.62387
172.38722,-43.57967
172.39186,-43.57713
172.37602,-43.5892
172.38173,-43.58727
172.03981,-43.61512
172.39182,-43.56149
172.44246,-43.64197
172.13684,-43.4838
171.86006,-43.58574
172.32228,-43.59495
171.84056,-43.61299
172.23004,-43.59855
172.10735,-43.16637
172.11551,-43.17266
172.46379,-43.63832
171.84103,-43.61463
172.21056,-43.60815
172.10938,-43.17824
172.61949,-43.58354
171.94965,-43.53838
172.26764,-43.59991
172.24767,-43.61668
172.38153,-43.59954
172.46135,-43.62658
172.36989,-43.61729
172.37251,-43.59733
172.38156,-43.58857
172.41371,-43.60641
172.41408,-43.60995
172.37891,-43.61502
172.3812,-43.58879
172.31123,-43.59316
172.00967,-43.26625
172.17018,-43.61375
172.50204,-43.60728
172.37419,-43.59466
172.22554,-43.62795
172.39841,-43.59818
171.8613,-43.56135
172.11096,-43.17453
172.3757,-43.59969
172.12566,-43.47596
172.13974,-43.61064
172.01907,-43.56474
172.40475,-43.55874
172.36871,-43.60122
172.47517,-43.55398
172.35069,-43.65316
172.15358,-43.58046
172.22243,-43.58865
172.0488,-43.57074
172.3839,-43.58324
172.39264,-43.57207
172.26393,-43.57717
172.02347,-43.55382
172.15005,-43.60363
172.16435,-43.54562
172.19168,-43.54934
172.37746,-43.76701
172.3838,-43.77649
172.43338,-43.66403
172.38173,-43.77496
172.64258,-43.52862
172.54509,-43.5551
172.65256,-43.53489
172.62767,-43.54179
172.64326,-43.53899
172.67892,-43.49372
172.33017,-43.5945
172.47888,-43.61594
172.31412,-43.62429
172.21571,-43.64744
171.8598,-43.60262
172.35619,-43.63644
172.02417,-43.65273
172.56213,-43.56456
172.53551,-43.57649
172.51187,-43.58891
172.40836,-43.63645
172.11938,-43.47109
171.84454,-43.58292
172.3849,-43.59055
172.4222,-43.49216
172.2735,-43.61349
172.40182,-43.60815
171.91989,-43.5574
172.1942,-43.5353
172.60025,-43.5358
171.74321,-43.55389
172.37074,-43.59161
172.26515,-43.63094
172.56995,-43.57887
172.18742,-43.55581
172.56197,-43.59114
172.56184,-43.57754
172.569,-43.56609
172.41977,-43.54258
172.28893,-43.62035
172.30467,-43.5876
172.56863,-43.57123
172.57446,-43.58026
172.30489,-43.60255
172.29208,-43.56605
172.5571,-43.5869
172.26904,-43.61684
172.17166,-43.52986
172.37764,-43.5774
172.27119,-43.58236
171.8644,-43.56378
172.17569,-43.59444
172.56784,-43.58674
171.7812,-43.61045
172.32872,-43.54679
172.37186,-43.63718
172.20387,-43.57196
172.40654,-43.5729
172.16197,-43.61625
172.16092,-43.47837
172.17563,-43.47541
172.36928,-43.56431
172.56439,-43.6168
172.29254,-43.56124
172.03006,-43.61938
172.35747,-43.58146
172.15564,-43.48344
171.96339,-43.34141
172.44949,-43.64725
172.46524,-43.63482
172.35461,-43.62786
171.83252,-43.58947
172.06116,-43.60991
172.26158,-43.6118
172.2205,-43.61747
172.15254,-43.46238
172.6286,-43.46916
172.58595,-43.47593
171.90407,-43.35684
172.90813,-43.73812
172.17447,-43.46309
172.41661,-43.60035
172.33063,-43.60468
172.06131,-43.59237
172.34122,-43.63824
172.14531,-43.60375
172.29855,-43.58773
171.86362,-43.58206
172.16968,-43.59585
172.3705,-43.60558
172.29152,-43.53458
172.87546,-43.7291
172.35968,-43.60976
171.85408,-43.5963
172.3638,-43.58545
172.38342,-43.5636
172.21971,-43.62333
172.22005,-43.63549
171.88606,-43.56258
172.15732,-43.48475
172.13327,-43.58247
172.13196,-43.47536
172.29007,-43.61375
172.13304,-43.59559
172.40726,-43.55662
172.382,-43.56278
172.57642,-43.5047
172.35297,-43.58875
172.57323,-43.50208
172.38991,-43.5593
172.17603,-43.55249
172.00131,-43.54959
172.38445,-43.55803
171.99469,-43.56837
172.13924,-43.62855
172.36923,-43.69824
172.48004,-43.62656
172.57468,-43.46738
172.57845,-43.46479
172.57878,-43.47094
172.39375,-43.58278
172.24876,-43.62566
172.57379,-43.56274
172.40971,-43.59517
172.30559,-43.54625
172.37206,-43.60968
172.24828,-43.63486
172.34448,-43.5794
172.10461,-43.433
172.40303,-43.77478
172.12349,-43.44239
172.44299,-43.64678
172.29279,-43.59982
172.18765,-43.563
172.40593,-43.57035
171.92592,-43.55771
172.39557,-43.63082
172.42229,-43.65132
172.31793,-43.62076
172.34006,-43.64958
172.36368,-43.6516
172.11691,-43.17492
172.38544,-43.60262
172.15251,-43.58829
172.4017,-43.34711
171.86986,-43.63631
172.39018,-43.57041
172.25966,-43.60044
172.05389,-43.57555
172.29407,-43.60715
172.35829,-43.64845
172.10263,-43.61977
172.47263,-43.62627
172.10509,-43.17228
172.16112,-43.51199
171.94902,-43.2771
171.81584,-43.63871
172.38464,-43.57781
172.35385,-43.61907
172.53072,-43.87247
171.84259,-43.62815
172.1442,-43.6147
172.32201,-43.37462
171.8609,-43.56394
172.21129,-43.61926
171.88434,-43.60775
172.14453,-43.60012
172.3909,-43.60132
172.46754,-43.61874
172.04237,-43.58158
171.76758,-43.61168
172.26669,-43.61426
172.18416,-43.52263
172.11453,-43.43304
172.01976,-43.16797
172.37912,-43.64044
172.34782,-43.58899
172.16296,-43.63536
172.18349,-43.61505
172.36682,-43.6071
172.4135,-43.64539
172.18327,-43.53836
172.47366,-43.74804
172.37392,-43.57173
171.86815,-43.60072
172.35738,-43.56541
172.05344,-43.59155
172.31465,-43.58538
172.409,-43.53255
172.38022,-43.56557
172.28281,-43.60852
172.17819,-43.54049
172.37759,-43.58788
172.58882,-43.4817
172.41595,-43.69846
172.25558,-43.63019
172.36096,-43.57676
172.34032,-43.59729
171.65283,-43.82396
172.09402,-43.43431
172.03773,-43.60098
172.34814,-43.6049
171.67288,-43.87304
171.89977,-43.59876
171.88284,-43.59351
172.41629,-43.64249
171.75114,-43.56247
