longitde,latitude,depth,SOM cluster,DBSCAN cluster,KMEAN cluster
172.16794,-43.52731,11.0426,0,0,1
172.32367,-43.55426,10.0257,0,1,3
172.38512,-43.6585,7.8273,0,1,3
172.29477,-43.5661,11.8823,3,2,1
172.18575,-43.4711,6.2919,1,1,0
172.11847,-43.49201,10.1591,0,1,3
172.11028,-43.62283,17.6058,2,0,1
172.21217,-43.59541,14.2405,3,0,1
172.4296,-43.68362,8.317,0,1,3
172.54439,-43.58787,24.8006,2,0,2
172.30362,-43.58586,9.8851,0,1,3
172.37521,-43.66354,5,1,1,0
172.23647,-43.64153,11.2593,3,0,1
172.27835,-43.63268,8.1763,0,1,3
172.41315,-43.60732,9.3622,0,1,3
172.16673,-43.60926,9.4878,0,1,3
172.27443,-43.61766,12.7419,3,0,1
172.40707,-43.64999,11.324,3,0,1
172.16286,-43.46124,6.6817,1,1,0
172.40086,-43.60709,18.6778,2,0,2
172.17003,-43.47633,7.1462,0,1,3
172.23813,-43.57198,5,1,1,0
171.90025,-43.64566,5,1,1,0
172.35774,-43.6156,13.2374,3,0,1
172.19954,-43.61805,31.4,2,0,2
172.44824,-43.6536,6.1263,1,1,0
172.32207,-43.60859,8.559,0,1,3
172.48775,-43.54868,20.357,2,0,2
172.15205,-43.52158,9.2996,0,1,3
172.36874,-43.60562,9.4366,0,1,3
172.40279,-43.59917,7.4831,0,1,3
172.20514,-43.6309,9.5176,0,1,3
172.25459,-43.62086,11.1523,3,0,1
172.12369,-43.65435,10.1487,0,1,3
172.41252,-43.47221,5,1,1,0
172.20256,-43.60182,9.1392,0,1,3
172.21004,-43.61625,8.0537,0,1,3
172.42267,-43.60178,7.4454,0,1,3
172.22412,-43.60673,9.514,0,1,3
172.39214,-43.61933,9.1659,0,1,3
172.54507,-43.61502,21.6932,2,0,2
171.96542,-43.42382,11.9575,0,2,1
172.27841,-43.62322,8.872,0,1,3
172.37897,-43.55125,5,1,1,0
172.24101,-43.62859,5,1,1,0
172.11301,-43.54909,9.9906,0,1,3
172.45435,-43.61747,7.0828,0,1,3
172.37834,-43.41101,33,2,0,2
172.4102,-43.60401,8.8772,0,1,3
171.96031,-43.51437,5,1,1,0
172.43463,-43.63962,5,1,1,0
172.32454,-43.59659,5,1,1,0
172.44044,-43.66763,5,1,1,0
172.49609,-43.6358,18.0402,2,0,2
172.37679,-43.59209,10,0,1,3
172.1541,-43.59937,8.3859,0,1,3
172.18248,-43.58258,5.7404,1,1,0
171.90456,-43.5519,10.477,3,0,3
171.92424,-43.5533,7.6136,1,1,3
172.09161,-43.61933,11.0415,3,0,1
172.35083,-43.58913,12,3,2,1
171.86795,-43.55365,12,3,2,1
172.15027,-43.46167,6.8935,0,1,3
172.26309,-43.63627,11.4933,3,2,1
171.87665,-43.54924,5,1,1,0
172.42139,-43.6554,6.2076,1,1,0
172.41945,-43.64859,5,1,1,0
172.3445,-43.58962,5,1,1,0
172.09457,-43.59563,7.8645,0,1,3
172.33667,-43.57727,14.0326,3,0,1
172.03815,-43.58954,8.852,0,1,3
172.04362,-43.58209,12.7174,3,0,1
171.93301,-43.50891,11.3858,3,0,1
172.42651,-43.61386,8.4279,0,1,3
171.981,-43.52064,10.0522,0,1,3
172.09627,-43.58116,6.6108,1,1,0
172.30588,-43.57518,9.9105,0,1,3
172.07645,-43.62188,7.1391,1,1,3
171.87042,-43.5463,5,1,1,0
172.29759,-43.57589,11.3568,3,0,1
172.15967,-43.52707,9.621,0,1,3
171.98218,-43.52419,5,1,1,0
172.19775,-43.6185,5,1,1,0
172.36713,-43.56803,22.6799,2,0,2
172.16035,-43.49445,7.0086,0,1,3
172.3916,-43.56511,9.8504,0,1,3
172.21344,-43.57799,15.1819,3,0,1
172.24231,-43.55423,11.5824,3,2,1
172.21379,-43.63201,5,1,1,0
172.16214,-43.48512,5.9286,1,1,0
172.39746,-43.58581,5,1,1,0
172.20213,-43.598,5,1,1,0
171.91266,-43.56144,5,1,1,0
172.18985,-43.4667,5,1,1,0
172.18355,-43.44917,5,1,1,0
172.15215,-43.50172,5,1,1,0
172.33322,-43.5995,8.2243,0,1,3
172.31989,-43.63719,5,1,1,0
172.57639,-43.62542,24.0742,2,0,2
172.31593,-43.56948,5,1,1,0
172.52415,-43.55025,21.0848,2,0,2
172.43193,-43.57899,15.5539,2,0,1
172.16052,-43.58697,5,1,1,0
172.0088,-43.55745,6.6973,1,1,3
172.12166,-43.60501,8.464,0,1,3
172.0986,-43.51294,5,1,1,0
172.19545,-43.54142,5,1,1,0
172.1881,-43.5922,5,1,1,0
172.00301,-43.51379,12,3,2,1
171.94992,-43.47793,10.5874,0,0,3
172.19292,-43.59906,5,1,1,0
172.15111,-43.49399,7.6852,0,1,3
171.95787,-43.52837,17.3945,3,0,1
172.41998,-43.65785,8.3737,0,1,3
172.64563,-43.62341,19.0038,2,0,2
172.3681,-43.65718,5,1,1,0
172.34909,-43.64157,5,1,1,0
172.1776,-43.48444,10.8446,0,0,1
172.20988,-43.57866,12,3,2,1
172.44025,-43.53471,16.2498,2,0,1
172.1217,-43.62795,5,1,1,0
172.17479,-43.46814,5.8776,1,1,0
171.88933,-43.56837,8.9324,3,1,3
172.33469,-43.68073,5,1,1,0
171.76793,-43.5664,5,1,1,0
172.38113,-43.58765,13.6433,3,0,1
172.2957,-43.58936,12,3,2,1
172.40912,-43.61632,5,1,1,0
172.01489,-43.55053,5,1,1,0
172.24362,-43.58006,5,1,1,0
171.91075,-43.56587,5,1,1,0
172.29861,-43.60468,5,1,1,0
172.37221,-43.62337,11.6033,3,2,1
171.98225,-43.60041,5,1,1,0
172.4422,-43.65592,5,1,1,0
172.35045,-43.59398,5,1,1,0
171.87764,-43.59034,5,1,1,0
172.18607,-43.45727,5,1,1,0
172.03004,-43.71103,5,1,1,0
172.24127,-43.59666,5,1,1,0
172.40393,-43.62034,8.3031,0,1,3
172.23857,-43.65031,14.7997,3,0,1
172.31216,-43.56051,5,1,1,0
172.21492,-43.56371,5,1,1,0
172.3909,-43.61522,12,3,2,1
172.28584,-43.56379,5,1,1,0
172.14253,-43.61903,5,1,1,0
171.86209,-43.55952,12,3,2,1
172.03871,-43.56707,6.7499,1,1,3
172.28329,-43.59722,5,1,1,0
172.05132,-43.5977,5,1,1,0
172.1559,-43.58944,5,1,1,0
172.17863,-43.60236,5,1,1,0
172.26147,-43.50686,5,1,1,0
172.34186,-43.58797,5,1,1,0
171.91864,-43.59831,5,1,1,0
171.93265,-43.5714,5,1,1,0
172.39465,-43.60268,5,1,1,0
172.38315,-43.6246,7.43,0,1,3
172.41464,-43.63718,5,1,1,0
171.86908,-43.56821,5,1,1,0
172.78311,-43.67744,22.3925,2,0,2
172.36015,-43.62086,12,3,2,1
172.13179,-43.48333,8.3551,0,1,3
172.37329,-43.64251,5,1,1,0
172.12587,-43.52039,8.6746,0,1,3
172.14586,-43.57332,5,1,1,0
172.35283,-43.62333,5,1,1,0
172.14256,-43.57784,5,1,1,0
172.35619,-43.57591,5,1,1,0
172.18134,-43.59245,5,1,1,0
172.41757,-43.61236,12,3,2,1
171.74586,-43.68582,12,0,2,1
172.22552,-43.56639,11.4839,3,0,1
172.21689,-43.58671,15.4167,2,0,1
172.24094,-43.65182,17.2655,2,0,1
171.97409,-43.51653,5,1,1,0
172.18736,-43.58545,5,1,1,0
172.45381,-43.62324,8.3596,0,1,3
172.18239,-43.49659,6.4955,0,1,0
171.98123,-43.5359,5,1,1,0
172.21678,-43.56539,5,1,1,0
172.06158,-43.60017,5,1,1,0
172.71423,-43.53712,21.4778,2,0,2
172.2014,-43.63544,5,1,1,0
172.23175,-43.5606,12,3,2,1
172.38969,-43.629,5,1,1,0
172.15208,-43.57822,5,1,1,0
172.1759,-43.47049,5,1,1,0
171.93036,-43.56152,5,1,1,0
172.37663,-43.64319,6.4204,1,1,0
172.20227,-43.57238,5,1,1,0
172.16713,-43.45979,5,1,1,0
172.38457,-43.56495,5,1,1,0
172.13434,-43.52434,5,1,1,0
172.36519,-43.58719,5,1,1,0
172.32555,-43.54547,5,1,1,0
172.1993,-43.48877,9.1478,0,1,3
172.24591,-43.61634,5,1,1,0
171.84972,-43.56121,5,1,1,0
172.19493,-43.56981,5,1,1,0
172.17209,-43.59524,5,1,1,0
172.06744,-43.61099,5,1,1,0
172.28746,-43.6149,5,1,1,0
172.30405,-43.55462,5,1,1,0
172.34734,-43.60829,5,1,1,0
171.87758,-43.56702,5,1,1,0
172.25801,-43.60332,5,1,1,0
172.38414,-43.58119,5,1,1,0
172.4359,-43.66308,5,1,1,0
172.47163,-43.63888,5,1,1,0
172.1165,-43.5947,5,1,1,0
172.34676,-43.59018,5,1,1,0
172.37738,-43.5607,5,1,1,0
171.92126,-43.56728,5,1,1,0
172.23676,-43.62017,5,1,1,0
172.12709,-43.51032,5,1,1,0
172.20291,-43.55304,5,1,1,0
172.29262,-43.58553,12,3,2,1
172.18323,-43.62764,5,1,1,0
172.3454,-43.59164,5,1,1,0
172.52646,-43.51237,16.3419,2,0,1
172.19888,-43.512,5,1,1,0
171.9897,-43.56758,8.3406,0,1,3
172.24605,-43.685,5,1,1,0
172.06989,-43.59444,5,1,1,0
171.95135,-43.57582,5,1,1,0
172.18819,-43.5976,17.9189,2,0,2
172.18999,-43.56454,5,1,1,0
172.40186,-43.58372,8.6807,0,1,3
172.40242,-43.59412,10.4522,3,1,3
172.13329,-43.53292,12,3,2,1
172.16226,-43.47335,5,1,1,0
172.10452,-43.53453,5,1,1,0
172.23663,-43.61254,5,1,1,0
172.40489,-43.50297,5,1,1,0
172.36053,-43.62069,5,1,1,0
171.88409,-43.58549,5,1,1,0
171.88499,-43.57277,5,1,1,0
172.35338,-43.55885,5,1,1,0
172.35081,-43.61351,5,1,1,0
172.34505,-43.55161,5,1,1,0
172.02159,-43.37907,8.6407,0,1,3
172.1277,-43.5916,5,1,1,0
172.37247,-43.58784,5,1,1,0
171.89575,-43.56173,5,1,1,0
172.29364,-43.62775,5,1,1,0
171.93831,-43.56766,5,1,1,0
172.15663,-43.49926,5.8788,1,1,0
172.11063,-43.59458,6.9558,0,1,3
172.16,-43.50596,5,1,1,0
172.19763,-43.58089,12,3,2,1
172.18799,-43.53481,5,1,1,0
172.90739,-43.77293,20.0664,2,0,2
171.86494,-43.53433,5,1,1,0
172.37065,-43.57023,5,1,1,0
172.37668,-43.5676,5,1,1,0
172.41133,-43.6416,5,1,1,0
172.25665,-43.5359,5,1,1,0
172.18466,-43.57984,6.1974,1,1,0
172.36946,-43.56889,5,1,1,0
172.29625,-43.59651,5,1,1,0
171.98843,-43.51096,5,1,1,0
172.29173,-43.62775,5,1,1,0
171.94566,-43.52047,5,1,1,0
172.36682,-43.56866,5,1,1,0
172.3358,-43.61222,5,1,1,0
172.89784,-43.52876,5,1,1,0
172.37373,-43.5656,5,1,1,0
172.39102,-43.58171,5,1,1,0
172.2113,-43.60784,5,1,1,0
172.39412,-43.55283,5,1,1,0
171.94312,-43.53643,14.5925,3,0,1
172.31667,-43.60709,5,1,1,0
172.14935,-43.50447,7.5254,0,1,3
172.39444,-43.55692,5,1,1,0
172.33728,-43.54692,5,1,1,0
172.40768,-43.56427,9.6016,0,1,3
172.16614,-43.46335,5,1,1,0
172.07832,-43.59616,5,1,1,0
172.22733,-43.5639,5,1,1,0
172.33929,-43.56008,5,1,1,0
172.50261,-43.65575,5,1,1,0
172.42409,-43.62831,5,1,1,0
172.28075,-43.51095,5,1,1,0
172.37587,-43.64032,5,1,1,0
171.95306,-43.57082,5,1,1,0
172.09174,-43.30871,8.7999,0,1,3
172.334,-43.61383,15.6131,2,0,1
172.32762,-43.6132,13.6314,3,0,1
172.18898,-43.54802,7.1208,0,1,3
172.13431,-43.49733,5,1,1,0
172.3513,-43.57739,5,1,1,0
172.18881,-43.53963,7.7684,0,1,3
172.26387,-43.62392,5,1,1,0
172.38968,-43.59166,5,1,1,0
172.29984,-43.60524,12,3,2,1
172.10933,-43.58831,8.5497,0,1,3
172.38275,-43.64339,5,1,1,0
172.17757,-43.63984,5,1,1,0
172.13132,-43.61146,5,1,1,0
172.23256,-43.4652,5,1,1,0
172.10887,-43.55689,5,1,1,0
172.28046,-43.60915,5,1,1,0
172.21495,-43.62139,5,1,1,0
172.18446,-43.45223,5,1,1,0
171.83861,-43.51344,5,1,1,0
172.37796,-43.57924,5,1,1,0
172.37222,-43.57684,5,1,1,0
172.35747,-43.60506,5,1,1,0
172.37405,-43.57056,5,1,1,0
172.44618,-43.62758,5,1,1,0
172.09085,-43.59906,5,1,1,0
172.15253,-43.57936,5,1,1,0
172.30031,-43.55319,5,1,1,0
172.2957,-43.62497,5,1,1,0
172.37375,-43.55203,5,1,1,0
172.36456,-43.61028,5,1,1,0
172.20872,-43.5714,17.4831,2,0,1
172.02998,-43.55073,11.405,3,0,1
172.38678,-43.55509,5,1,1,0
171.95735,-43.55603,5,1,1,0
172.40733,-43.64024,5,1,1,0
172.39235,-43.57941,5,1,1,0
172.14714,-43.60364,5,1,1,0
172.37096,-43.57534,5,1,1,0
172.15927,-43.60389,5,1,1,0
172.40985,-43.62104,5,1,1,0
172.16237,-43.48006,7.8429,0,1,3
172.39618,-43.5794,5,1,1,0
172.13516,-43.59304,5,1,1,0
172.16548,-43.48886,5,1,1,0
172.18207,-43.47389,5,1,1,0
172.409,-43.61388,5,1,1,0
172.18637,-43.53202,5,1,1,0
172.16185,-43.6046,5,1,1,0
171.79358,-43.53903,5,1,1,0
172.31071,-43.58903,5,1,1,0
172.25626,-43.60283,5,1,1,0
172.13304,-43.5817,5,1,1,0
172.46838,-43.54547,12,3,2,1
172.15105,-43.46188,5,1,1,0
172.39328,-43.58645,22.8089,2,0,2
172.38947,-43.53862,5,1,1,0
171.86775,-43.53791,5,1,1,0
172.27559,-43.56717,5,1,1,0
172.27838,-43.58799,5,1,1,0
171.85269,-43.58792,5,1,1,0
172.35406,-43.60077,5,1,1,0
172.30634,-43.57829,5,1,1,0
172.29555,-43.55781,5,1,1,0
172.33943,-43.57833,5,1,1,0
171.87971,-43.56548,5,1,1,0
172.3951,-43.56133,5,1,1,0
172.24995,-43.57721,5,1,1,0
172.47533,-43.62615,10.5124,0,0,3
172.25096,-43.5941,5,1,1,0
172.36569,-43.55945,5,1,1,0
172.30515,-43.59969,5,1,1,0
172.22055,-43.59555,5,1,1,0
172.27089,-43.60146,5,1,1,0
172.36649,-43.57264,5,1,1,0
171.92679,-43.50557,5,1,1,0
172.29626,-43.55808,5,1,1,0
172.36156,-43.59647,5,1,1,0
172.50249,-43.59543,5,1,1,0
172.70985,-43.64964,5,1,1,0
172.17383,-43.52053,9.225,0,1,3
171.88943,-43.54584,5,1,1,0
172.00587,-43.55528,5,1,1,0
172.03877,-43.63465,5,1,1,0
172.24518,-43.62341,9.755,0,1,3
172.36874,-43.57393,5.6273,1,1,0
172.16357,-43.58884,5,1,1,0
172.26671,-43.56147,16.7006,2,0,1
172.40782,-43.6277,5,1,1,0
172.48163,-43.51122,5,1,1,0
172.20399,-43.59662,5,1,1,0
172.29753,-43.56229,5,1,1,0
172.27907,-43.61818,5,1,1,0
172.17453,-43.53228,11.4612,3,0,1
172.15996,-43.57421,6.3511,1,1,0
172.4099,-43.63939,5,1,1,0
172.17426,-43.61273,7.0536,0,1,3
172.18326,-43.48888,5,1,1,0
172.53375,-43.59634,5,1,1,0
171.85555,-43.55144,5,1,1,0
172.16974,-43.65805,5,1,1,0
171.80785,-43.47171,5,1,1,0
172.17085,-43.46582,8.3063,0,1,3
172.37236,-43.56969,5,1,1,0
172.45032,-43.61472,13.7988,3,0,1
172.31941,-43.58999,5,1,1,0
172.30571,-43.56851,5,1,1,0
172.18929,-43.58768,5,1,1,0
172.49506,-43.6457,20.124,2,0,2
172.40564,-43.61221,5,1,1,0
172.41986,-43.56096,13.5174,3,0,1
172.45242,-43.61526,15.2207,2,0,1
172.22,-43.55236,12,3,2,1
172.10144,-43.61153,5.2696,1,1,0
172.34575,-43.50059,5,1,1,0
172.17348,-43.60738,5,1,1,0
172.19696,-43.56356,5,1,1,0
171.9297,-43.54212,5,1,1,0
172.23608,-43.5321,5,1,1,0
172.40091,-43.57224,11.2157,3,0,1
172.18703,-43.4928,5,1,1,0
172.18895,-43.58276,5,1,1,0
172.3363,-43.59666,5,1,1,0
171.85231,-43.58879,5,1,1,0
172.38913,-43.60236,6.4555,1,1,0
172.31636,-43.58377,5,1,1,0
172.18349,-43.46981,5,1,1,0
172.17336,-43.60583,5,1,1,0
172.15353,-43.48799,8.8074,0,1,3
172.41199,-43.59498,24.0081,2,0,2
172.46016,-43.54328,5,1,1,0
172.40691,-43.641,5,1,1,0
172.32739,-43.53981,5,1,1,0
172.36256,-43.57106,5,1,1,0
172.14088,-43.57564,5,1,1,0
172.40193,-43.59243,5,1,1,0
172.15903,-43.59767,5,1,1,0
172.18257,-43.60129,5,1,1,0
172.1563,-43.62478,5,1,1,0
172.31198,-43.58831,5,1,1,0
172.22591,-43.59649,5,1,1,0
171.89012,-43.60089,5,1,1,0
172.42899,-43.62254,5,1,1,0
172.19344,-43.54403,5,1,1,0
172.19826,-43.53819,5,1,1,0
172.37079,-43.55818,5,1,1,0
172.28946,-43.56815,5,1,1,0
172.21309,-43.59621,5,1,1,0
172.51782,-43.56116,17.2056,2,0,1
172.27338,-43.61273,5,1,1,0
172.17668,-43.61364,5,1,1,0
171.87485,-43.58384,5,1,1,0
172.38423,-43.62786,5,1,1,0
172.4046,-43.54137,5,1,1,0
172.33609,-43.60838,5,1,1,0
172.34029,-43.58985,5,1,1,0
172.37001,-43.62367,5,1,1,0
172.46312,-43.65911,7.35,0,1,3
172.35254,-43.57971,5,1,1,0
172.15016,-43.57456,5,1,1,0
172.43527,-43.61401,5,1,1,0
172.15356,-43.62331,5,1,1,0
172.33922,-43.57684,5,1,1,0
172.42149,-43.57253,8.9695,0,1,3
172.14856,-43.48272,5,1,1,0
172.33237,-43.57183,5,1,1,0
172.13287,-43.58955,5,1,1,0
172.37572,-43.58193,5,1,1,0
172.31616,-43.59349,5,1,1,0
172.60268,-43.59968,14.2471,2,0,1
172.18788,-43.62982,5,1,1,0
172.37469,-43.58495,9.5133,0,1,3
172.4133,-43.53983,5,1,1,0
172.36118,-43.63866,5,1,1,0
172.04335,-43.60528,5,1,1,0
172.10158,-43.51501,11.8518,0,2,1
172.42204,-43.57153,14.3857,3,0,1
171.89587,-43.55279,5,1,1,0
172.17453,-43.50886,8.7228,0,1,3
172.29117,-43.59851,8.6594,0,1,3
172.12694,-43.53466,9.666,0,1,3
172.19431,-43.49708,5,1,1,0
172.17816,-43.50919,7.7167,0,1,3
172.0896,-43.50986,5,1,1,0
172.25542,-43.61336,5,1,1,0
172.0882,-43.64809,5,1,1,0
172.17412,-43.51949,8.2659,0,1,3
172.25348,-43.52426,5,1,1,0
172.18654,-43.45482,5.7305,1,1,0
172.16931,-43.48843,6.0573,1,1,0
171.89168,-43.52374,5,1,1,0
172.33017,-43.60033,12,3,2,1
172.30354,-43.589,5,1,1,0
172.19217,-43.45801,5,1,1,0
172.17673,-43.51104,5,1,1,0
171.87025,-43.57058,5,1,1,0
172.3252,-43.55315,5,1,1,0
172.19273,-43.44742,5,1,1,0
171.93927,-43.56151,5,1,1,0
172.12961,-43.54673,5,1,1,0
172.18794,-43.54387,5,1,1,0
172.21201,-43.6205,5,1,1,0
172.34697,-43.60793,5,1,1,0
172.43698,-43.65754,5,1,1,0
172.23543,-43.61448,5,1,1,0
172.31609,-43.56137,5,1,1,0
172.30524,-43.5998,5,1,1,0
172.22981,-43.57978,5,1,1,0
172.30833,-43.59458,5,1,1,0
172.33199,-43.58429,5,1,1,0
172.31821,-43.56933,5,1,1,0
172.34843,-43.54638,15.6822,3,0,1
172.28493,-43.60506,5,1,1,0
172.28871,-43.5532,5,1,1,0
172.22229,-43.60522,5,1,1,0
171.90765,-43.57008,5,1,1,0
172.37665,-43.56837,6.0978,1,1,0
172.29449,-43.47795,5,1,1,0
171.85078,-43.52938,5,1,1,0
172.3875,-43.56273,5,1,1,0
172.16624,-43.54823,5,1,1,0
172.36166,-43.55682,5,1,1,0
172.20502,-43.61137,5,1,1,0
172.16194,-43.58303,5,1,1,0
172.19304,-43.57631,5,1,1,0
172.14973,-43.5973,7.7,0,1,3
171.91478,-43.57524,5,1,1,0
172.47136,-43.66494,12,3,2,1
172.48384,-43.66145,12,3,2,1
172.19788,-43.56808,5,1,1,0
172.19904,-43.55554,5,1,1,0
172.33727,-43.54528,5,1,1,0
172.37135,-43.58549,5,1,1,0
172.17018,-43.58612,5,1,1,0
172.36192,-43.60576,5,1,1,0
172.38495,-43.54853,5,1,1,0
172.4039,-43.65635,8.4045,0,1,3
172.06012,-43.61989,5,1,1,0
172.20894,-43.54391,5,1,1,0
172.38116,-43.58281,5,1,1,0
172.04465,-43.62014,5,1,1,0
172.15585,-43.61858,5,1,1,0
172.29646,-43.60065,5,1,1,0
172.22212,-43.57833,17.647,2,0,1
172.22343,-43.55259,5,1,1,0
172.13599,-43.6099,5,1,1,0
172.35809,-43.61064,5,1,1,0
172.16975,-43.46585,5,1,1,0
171.89079,-43.57824,5,1,1,0
172.37651,-43.61646,5,1,1,0
172.18065,-43.53887,6.8535,0,1,3
172.33046,-43.55223,5,1,1,0
172.37558,-43.59287,5,1,1,0
172.27466,-43.59178,5,1,1,0
172.37698,-43.57177,5,1,1,0
172.44835,-43.6442,5,1,1,0
172.18365,-43.56239,5,1,1,0
172.31732,-43.63197,5,1,1,0
172.52638,-43.54081,12,3,2,1
171.8936,-43.49067,5,1,1,0
171.88223,-43.57581,5,1,1,0
172.75746,-43.68732,16.6163,2,0,1
171.90707,-43.5413,5,1,1,0
172.28088,-43.61426,5,1,1,0
172.34593,-43.60686,5,1,1,0
172.3661,-43.56586,5,1,1,0
172.15274,-43.47659,7.3002,0,1,3
172.7627,-43.53548,15.9049,2,0,1
172.12054,-43.61533,5,1,1,0
172.22827,-43.631,5,1,1,0
172.32986,-43.57957,5,1,1,0
172.1651,-43.507,5,1,1,0
172.37297,-43.60941,5,1,1,0
171.85692,-43.57724,5,1,1,0
172.18533,-43.5396,5,1,1,0
171.81586,-43.55323,5,1,1,0
172.0305,-43.57235,5,1,1,0
172.59633,-43.65122,17.3693,2,0,1
172.1777,-43.47255,5,1,1,0
172.38771,-43.60907,5,1,1,0
172.18854,-43.49167,5,1,1,0
172.24487,-43.54424,5,1,1,0
172.33963,-43.59902,5,1,1,0
172.3369,-43.63424,5,1,1,0
172.3372,-43.64513,5,1,1,0
172.18221,-43.46634,5.3891,1,1,0
172.17674,-43.50951,6.2158,1,1,0
172.14719,-43.59712,5,1,1,0
172.37801,-43.58355,5,1,1,0
172.40578,-43.70949,5,1,1,0
171.85904,-43.57548,5,1,1,0
172.72781,-43.49788,25.4488,2,0,2
172.173,-43.45458,5,1,1,0
172.3895,-43.61185,5,1,1,0
172.15678,-43.50449,5,1,1,0
172.28932,-43.56154,5,1,1,0
172.37318,-43.5961,5,1,1,0
171.82387,-43.51784,5,1,1,0
172.24036,-43.61034,5,1,1,0
172.16487,-43.52784,9.6017,0,1,3
172.27937,-43.58854,5,1,1,0
172.3268,-43.5901,16.6665,2,0,1
172.43723,-43.6518,12,3,2,1
172.36629,-43.56487,5,1,1,0
171.90109,-43.56649,5,1,1,0
172.33606,-43.54554,8.2057,0,1,3
172.26317,-43.61839,5,1,1,0
172.31476,-43.59529,12,3,2,1
172.29292,-43.59092,5,1,1,0
172.26643,-43.61955,5,1,1,0
172.34151,-43.58413,5,1,1,0
172.14975,-43.56766,5,1,1,0
172.27991,-43.61853,9.7951,0,1,3
172.16835,-43.46699,5.846,1,1,0
172.78465,-43.69313,21.1207,2,0,2
172.4218,-43.61425,5,1,1,0
172.35629,-43.5771,5,1,1,0
172.37561,-43.56815,5,1,1,0
172.18874,-43.55099,5,1,1,0
171.97945,-43.53708,5,1,1,0
172.43736,-43.65438,5,1,1,0
172.17921,-43.62146,5,1,1,0
172.24501,-43.59514,5,1,1,0
172.53369,-43.65904,26.6659,2,0,2
172.1814,-43.59778,5,1,1,0
172.1595,-43.61834,5,1,1,0
172.28375,-43.61155,5,1,1,0
172.14978,-43.50332,5,1,1,0
172.31812,-43.58928,5,1,1,0
172.13113,-43.63537,5,1,1,0
172.25485,-43.60133,5,1,1,0
172.15744,-43.61576,5,1,1,0
171.76564,-43.54185,5,1,1,0
171.75865,-43.53485,5,1,1,0
171.90828,-43.54179,5,1,1,0
172.15649,-43.51737,5,1,1,0
172.18304,-43.4535,5,1,1,0
171.74184,-43.54025,5,1,1,0
172.33936,-43.57898,5,1,1,0
171.89366,-43.59371,5,1,1,0
172.03275,-43.58489,5,1,1,0
171.85612,-43.57955,5,1,1,0
172.94284,-43.72343,26.1736,2,0,2
172.31197,-43.55562,5,1,1,0
172.12993,-43.59402,9.4559,0,1,3
172.36049,-43.59975,5,1,1,0
172.16747,-43.4598,5,1,1,0
172.38351,-43.55688,5,1,1,0
172.19182,-43.59254,5,1,1,0
172.20456,-43.57442,5,1,1,0
172.19746,-43.52572,5,1,1,0
172.35374,-43.59917,10.4867,3,1,3
172.15895,-43.48091,5,1,1,0
172.42099,-43.6338,5,1,1,0
172.22192,-43.57158,12,3,2,1
172.19989,-43.59064,12,3,2,1
172.31332,-43.55193,5,1,1,0
172.2795,-43.5975,5,1,1,0
172.12221,-43.59299,5,1,1,0
172.19855,-43.57605,5,1,1,0
172.37134,-43.61494,5,1,1,0
171.87448,-43.57753,5,1,1,0
172.1488,-43.55521,5,1,1,0
172.16565,-43.61452,5,1,1,0
172.36662,-43.60278,5,1,1,0
172.30153,-43.59863,5,1,1,0
172.34201,-43.66002,12,3,2,1
172.27148,-43.61401,5,1,1,0
172.32915,-43.64805,5,1,1,0
172.19666,-43.57695,5,1,1,0
172.50755,-43.63115,5,1,1,0
172.16191,-43.51609,5,1,1,0
172.05667,-43.60797,5,1,1,0
172.25748,-43.6049,5,1,1,0
172.37366,-43.82254,5,1,1,0
172.53952,-43.52347,17.4357,2,0,1
172.20226,-43.63772,5,1,1,0
172.53075,-43.52076,16.0681,2,0,1
172.40894,-43.59418,12,3,2,1
172.06325,-43.62175,5,1,1,0
172.17174,-43.49399,4.5288,1,1,0
172.28833,-43.56696,5,1,1,0
172.4301,-43.57109,5,1,1,0
172.14047,-43.52195,5,1,1,0
172.39882,-43.60123,8.4795,0,1,3
171.9675,-43.57444,5,1,1,0
172.1622,-43.46226,5,1,1,0
172.37053,-43.57859,5,1,1,0
172.28497,-43.61855,5,1,1,0
172.3773,-43.57053,5,1,1,0
172.33371,-43.61221,5,1,1,0
171.91994,-43.56841,5,1,1,0
172.04584,-43.59819,5,1,1,0
171.87743,-43.55658,5,1,1,0
172.38454,-43.58571,5,1,1,0
172.24898,-43.62496,5,1,1,0
172.33771,-43.63332,5,1,1,0
172.0992,-43.45775,5,1,1,0
172.12321,-43.58701,12,3,2,1
172.46201,-43.62967,5,1,1,0
172.23569,-43.59897,5,1,1,0
172.26439,-43.6071,5,1,1,0
172.09557,-43.51162,5,1,1,0
172.33281,-43.60033,5,1,1,0
172.40712,-43.62481,5,1,1,0
172.26022,-43.60166,5,1,1,0
172.26704,-43.53131,5,1,1,0
172.14772,-43.60048,5,1,1,0
172.2326,-43.61617,5,1,1,0
171.94656,-43.5598,7.0385,1,1,3
172.32295,-43.61541,9.7041,0,1,3
172.342,-43.62397,5,1,1,0
172.41013,-43.62014,9.33,0,1,3
172.04649,-43.61341,5,1,1,0
172.38425,-43.60336,5,1,1,0
171.9787,-43.54765,9.8039,0,1,3
171.95403,-43.5653,5,1,1,0
172.38029,-43.6109,5,1,1,0
172.4016,-43.65396,5,1,1,0
172.37891,-43.63746,5,1,1,0
172.27705,-43.60916,5,1,1,0
171.96758,-43.56323,5,1,1,0
172.40302,-43.5382,5,1,1,0
172.15689,-43.46883,5,1,1,0
172.24355,-43.59707,5,1,1,0
172.2821,-43.55174,5,1,1,0
171.97394,-43.55993,5,1,1,0
172.35181,-43.60376,13.1395,3,0,1
172.37813,-43.63754,5,1,1,0
172.31461,-43.54537,5,1,1,0
172.40712,-43.58068,5,1,1,0
172.20827,-43.61098,5,1,1,0
172.14015,-43.4794,5,1,1,0
171.84827,-43.58543,5,1,1,0
172.40469,-43.64397,5,1,1,0
172.32283,-43.54272,5,1,1,0
172.26033,-43.58622,5,1,1,0
172.13727,-43.61216,5,1,1,0
172.22578,-43.52676,5,1,1,0
172.4715,-43.63068,5,1,1,0
172.20201,-43.57437,5,1,1,0
172.30643,-43.60524,5,1,1,0
172.29355,-43.60836,5,1,1,0
172.21169,-43.54198,5,1,1,0
172.2596,-43.6234,5,1,1,0
172.39426,-43.62265,5,1,1,0
172.28328,-43.62034,8.1018,0,1,3
172.2746,-43.57844,5,1,1,0
172.41232,-43.56508,5,1,1,0
172.04422,-43.60038,5,1,1,0
172.1804,-43.50831,5,1,1,0
172.37415,-43.61951,5,1,1,0
172.20309,-43.61381,5,1,1,0
172.00414,-43.5691,5,1,1,0
172.25591,-43.62244,17.3203,2,0,1
172.41788,-43.61637,5,1,1,0
172.37701,-43.55766,5,1,1,0
171.91019,-43.55082,5,1,1,0
172.33493,-43.59315,5,1,1,0
172.42773,-43.62217,5,1,1,0
172.36292,-43.54441,5,1,1,0
172.32619,-43.62144,5,1,1,0
172.34743,-43.57168,5,1,1,0
172.25613,-43.5961,5,1,1,0
172.24699,-43.58549,5,1,1,0
172.2197,-43.64252,5,1,1,0
172.30138,-43.66826,5,1,1,0
172.13419,-43.55625,5,1,1,0
171.91341,-43.37715,14.3079,0,0,1
172.1765,-43.45129,4.0192,1,0,0
172.34825,-43.5908,5,1,1,0
172.16286,-43.52803,5,1,1,0
171.86462,-43.53455,5,1,1,0
172.20306,-43.54866,5,1,1,0
172.20764,-43.61184,5,1,1,0
172.42841,-43.62794,5,1,1,0
172.01021,-43.5199,5,1,1,0
172.36783,-43.64254,5,1,1,0
172.37888,-43.63466,5,1,1,0
172.34567,-43.59768,5,1,1,0
172.1427,-43.56722,5,1,1,0
172.16469,-43.59322,5,1,1,0
171.98169,-43.5639,9.1635,0,1,3
172.33405,-43.60363,5,1,1,0
172.24426,-43.61934,5,1,1,0
171.8304,-43.57887,5,1,1,0
172.13901,-43.61301,5,1,1,0
172.10587,-43.60439,7.3825,0,1,3
172.18959,-43.57462,20.6076,2,0,2
172.32182,-43.5867,5,1,1,0
172.32555,-43.7037,5,1,1,0
172.35217,-43.58854,5,1,1,0
172.8226,-43.71866,25.3146,2,0,2
172.19836,-43.51109,5,1,1,0
172.20012,-43.58299,18.0306,2,0,2
172.17439,-43.54096,5,1,1,0
172.35323,-43.57468,5,1,1,0
172.37794,-43.58241,8.1574,0,1,3
172.38722,-43.55628,5,1,1,0
172.50871,-43.54758,13.617,3,0,1
172.20491,-43.54701,6.5799,0,1,0
172.24768,-43.6029,5,1,1,0
172.38042,-43.56866,6.235,1,1,0
172.33723,-43.60905,5,1,1,0
172.3765,-43.56893,8.6373,0,1,3
171.94429,-43.59815,18.7941,2,0,2
172.36594,-43.57769,5,1,1,0
172.35855,-43.585,5.8493,1,1,0
172.38016,-43.5721,5,1,1,0
172.3688,-43.56165,5,1,1,0
171.91048,-43.55237,5,1,1,0
172.34262,-43.61205,5,1,1,0
172.32773,-43.56575,5,1,1,0
172.38448,-43.62369,5,1,1,0
172.39363,-43.61001,5,1,1,0
171.88455,-43.56952,5,1,1,0
172.17752,-43.52332,5,1,1,0
172.37761,-43.57165,5,1,1,0
172.38072,-43.56652,5,1,1,0
172.32237,-43.59998,5,1,1,0
172.35146,-43.58402,5,1,1,0
172.22664,-43.6263,5,1,1,0
171.90462,-43.61897,5,1,1,0
172.31306,-43.60107,5,1,1,0
172.43507,-43.65062,5,1,1,0
172.31134,-43.58347,5,1,1,0
172.36633,-43.62269,5,1,1,0
172.46417,-43.6502,5,1,1,0
172.40012,-43.60672,5,1,1,0
172.34627,-43.59541,5,1,1,0
172.31183,-43.57567,5,1,1,0
172.15999,-43.47099,7.379,0,1,3
172.18135,-43.48442,5,1,1,0
172.17654,-43.55654,5,1,1,0
172.34044,-43.61113,5,1,1,0
172.40431,-43.64265,5,1,1,0
172.16667,-43.49199,5,1,1,0
172.13925,-43.48526,8.7427,0,1,3
172.1891,-43.49126,5.6274,1,1,0
172.44362,-43.65661,5,1,1,0
172.17664,-43.63257,5,1,1,0
172.39731,-43.59186,5,1,1,0
172.06636,-43.60074,5,1,1,0
172.17108,-43.48068,5,1,1,0
172.33134,-43.60404,12,3,2,1
172.16605,-43.48267,5.399,1,1,0
172.16225,-43.61157,5.9205,1,1,0
171.85664,-43.55848,9.3705,3,1,3
171.94409,-43.55117,5,1,1,0
171.96745,-43.52746,5,1,1,0
171.95226,-43.54738,5,1,1,0
172.12485,-43.60203,5,1,1,0
172.33618,-43.60535,5,1,1,0
171.87054,-43.58011,5,1,1,0
172.35602,-43.56638,5,1,1,0
172.18065,-43.50824,6.3562,1,1,0
172.21977,-43.60242,5,1,1,0
172.19798,-43.5757,5,1,1,0
172.77831,-43.66328,20.3971,2,0,2
172.40303,-43.60254,5,1,1,0
171.97157,-43.56901,5,1,1,0
172.46964,-43.60443,12.1347,3,2,1
172.11378,-43.62,5,1,1,0
172.28661,-43.60353,5,1,1,0
172.14967,-43.48399,5,1,1,0
171.91029,-43.56404,5,1,1,0
171.8868,-43.56665,5,1,1,0
172.43103,-43.52075,5,1,1,0
172.19815,-43.54231,5,1,1,0
172.34908,-43.59175,5,1,1,0
172.34541,-43.58578,5,1,1,0
172.24577,-43.59603,5,1,1,0
172.47755,-43.64536,5,1,1,0
171.8951,-43.56404,5,1,1,0
171.92296,-43.54601,5,1,1,0
172.45004,-43.56748,5,1,1,0
171.97141,-43.56948,5,1,1,0
172.4753,-43.64399,5,1,1,0
172.33588,-43.6083,5,1,1,0
172.38544,-43.58635,5,1,1,0
171.89357,-43.54206,5,1,1,0
172.37567,-43.59442,8.2441,0,1,3
171.98711,-43.26196,8.4368,0,1,3
172.01224,-43.2531,5,1,1,0
171.96626,-43.24471,5,1,1,0
171.98886,-43.26343,6.5243,0,1,0
172.0195,-43.22588,5,1,1,0
172.35878,-43.58007,5,1,1,0
172.17352,-43.60069,5,1,1,0
172.00345,-43.272,8.4635,0,1,3
172.30426,-43.55859,5,1,1,0
172.25035,-43.61271,5,1,1,0
172.38438,-43.57802,5,1,1,0
172.04881,-43.61744,5,1,1,0
172.38664,-43.57738,5,1,1,0
172.13484,-43.59824,5,1,1,0
172.46259,-43.64651,5,1,1,0
172.42439,-43.5885,5,1,1,0
172.37537,-43.57209,5,1,1,0
172.36987,-43.5768,5,1,1,0
172.35844,-43.57229,5,1,1,0
172.28841,-43.59056,5,1,1,0
172.04608,-43.58433,5,1,1,0
172.26291,-43.61205,5,1,1,0
172.22108,-43.58651,5,1,1,0
172.28479,-43.59489,5,1,1,0
172.01569,-43.56937,5,1,1,0
172.2525,-43.612,5,1,1,0
171.85364,-43.58515,5,1,1,0
172.38245,-43.61341,5,1,1,0
172.38116,-43.56482,5,1,1,0
172.3775,-43.56819,5,1,1,0
172.11821,-43.59623,5,1,1,0
171.89136,-43.58526,5,1,1,0
172.48453,-43.62852,7.9679,0,1,3
172.34511,-43.58118,5,1,1,0
172.45007,-43.65026,5,1,1,0
171.86858,-43.57794,5,1,1,0
172.40773,-43.60591,5,1,1,0
172.3027,-43.55255,5,1,1,0
172.26407,-43.60358,5,1,1,0
172.25552,-43.60311,5,1,1,0
172.0094,-43.26968,7.8089,0,1,3
172.44577,-43.64006,5,1,1,0
172.24532,-43.60368,5,1,1,0
172.41505,-43.5872,12,3,2,1
172.02943,-43.61312,5,1,1,0
172.12827,-43.40755,5,1,1,0
172.1756,-43.49463,5,1,1,0
172.18892,-43.61312,5,1,1,0
172.40445,-43.63432,5,1,1,0
171.94072,-43.58362,5,1,1,0
172.44296,-43.62104,5,1,1,0
172.2773,-43.59179,5,1,1,0
172.26778,-43.56912,5,1,1,0
171.88354,-43.60678,5,1,1,0
172.36771,-43.57874,12,3,2,1
172.11258,-43.48724,6.2464,1,1,0
172.18883,-43.60041,5,1,1,0
172.16489,-43.60967,5,1,1,0
172.14056,-43.59851,5,1,1,0
172.16751,-43.61774,5,1,1,0
172.15829,-43.47335,5,1,1,0
172.16373,-43.45036,5,1,1,0
172.78572,-43.70912,21.7487,2,0,2
172.20195,-43.59551,5,1,1,0
172.21962,-43.59992,5,1,1,0
172.31706,-43.62617,5,1,1,0
172.20067,-43.61505,5,1,1,0
171.82994,-43.59219,5,1,1,0
172.32016,-43.59496,12,3,2,1
172.43484,-43.63011,5,1,1,0
172.20412,-43.56386,13.1335,3,0,1
172.31516,-43.60055,12,3,2,1
172.33896,-43.57761,12,3,2,1
171.84727,-43.58189,5,1,1,0
172.3018,-43.56664,5,1,1,0
172.19022,-43.51411,5.4563,1,1,0
172.32515,-43.59084,14.4517,3,0,1
172.38661,-43.59733,5,1,1,0
172.05612,-43.6136,5,1,1,0
171.84264,-43.55225,5,1,1,0
172.3844,-43.56961,5,1,1,0
172.06535,-43.6174,5.6877,1,1,0
172.39908,-43.61864,5,1,1,0
172.20401,-43.61597,5,1,1,0
172.1761,-43.48949,5.3435,1,1,0
172.23401,-43.6065,5,1,1,0
171.8457,-43.56802,5,1,1,0
172.44583,-43.65176,5,1,1,0
172.07327,-43.59248,5,1,1,0
172.32318,-43.7165,12,3,2,1
172.17006,-43.59704,12,3,2,1
172.16299,-43.49747,7.4459,0,1,3
172.29521,-43.55809,5,1,1,0
172.17909,-43.62339,5,1,1,0
172.44633,-43.66214,6.8265,1,1,3
172.32892,-43.60385,5,1,1,0
172.45174,-43.6529,5,1,1,0
172.33104,-43.67258,12,3,2,1
172.27901,-43.59653,12,3,2,1
172.39767,-43.56116,5,1,1,0
172.40042,-43.61483,5,1,1,0
172.39961,-43.60904,5,1,1,0
172.36505,-43.65262,5,1,1,0
171.76102,-43.54898,20.2074,3,0,2
172.14526,-43.6031,5,1,1,0
172.1609,-43.52155,5,1,1,0
172.25278,-43.57264,5,1,1,0
172.40387,-43.58742,5,1,1,0
172.19916,-43.57698,5,1,1,0
172.56395,-43.54011,15.0899,3,0,1
172.19456,-43.50942,5,1,1,0
172.40764,-43.62186,9.6929,0,1,3
172.34683,-43.59111,5,1,1,0
172.4554,-43.54418,13.0097,3,0,1
171.94463,-43.55417,5,1,1,0
172.07689,-43.58707,7.9415,0,1,3
172.23526,-43.61919,5,1,1,0
172.39386,-43.55835,6.2992,1,1,0
171.89098,-43.56095,5,1,1,0
172.32401,-43.61353,5,1,1,0
172.22423,-43.63111,5,1,1,0
171.92625,-43.57283,5,1,1,0
172.2321,-43.62973,5,1,1,0
172.14029,-43.56694,5,1,1,0
172.20868,-43.55128,5,1,1,0
172.15602,-43.42321,12,0,2,1
171.64807,-43.81577,12,0,2,1
172.26434,-43.61076,5,1,1,0
172.34737,-43.59513,5,1,1,0
172.53535,-43.52012,12,3,2,1
172.4915,-43.54022,12,3,2,1
171.85258,-43.59932,5,1,1,0
172.32666,-43.59663,5,1,1,0
171.87035,-43.58527,5,1,1,0
172.42661,-43.63643,5,1,1,0
171.63214,-43.57854,5,1,1,0
172.17873,-43.49049,5.1715,1,1,0
171.88377,-43.55697,5,1,1,0
172.06607,-43.5844,5,1,1,0
172.15755,-43.4616,5,1,1,0
172.14874,-43.61818,8.4453,0,1,3
172.14763,-43.6081,7.8282,0,1,3
172.3792,-43.64444,5,1,1,0
172.15968,-43.61218,5,1,1,0
172.3282,-43.5415,5,1,1,0
172.37833,-43.63164,5,1,1,0
172.13609,-43.60851,5,1,1,0
172.43581,-43.59351,12.2779,3,2,1
172.15138,-43.61697,7.0111,0,1,3
172.38554,-43.63238,5,1,1,0
172.35651,-43.58031,5,1,1,0
172.36504,-43.57449,5,1,1,0
172.45647,-43.64472,17.3091,2,0,1
172.18793,-43.57202,5,1,1,0
171.89178,-43.56773,5,1,1,0
172.38676,-43.56028,5,1,1,0
172.17453,-43.60015,5,1,1,0
171.88933,-43.62033,5,1,1,0
172.38953,-43.61647,5,1,1,0
172.34175,-43.59006,5,1,1,0
171.91188,-43.56633,5,1,1,0
172.94264,-43.2672,12,1,0,1
172.14459,-43.60064,5,1,1,0
172.3893,-43.56427,5,1,1,0
172.14949,-43.61517,7.1635,0,1,3
172.00598,-43.26462,8.8585,0,1,3
172.1476,-43.61864,5,1,1,0
172.28525,-43.56036,5,1,1,0
172.40892,-43.64223,7.0328,0,1,3
171.88043,-43.58006,12,3,2,1
171.88388,-43.55182,5,1,1,0
172.16451,-43.49239,5,1,1,0
171.88091,-43.56384,5,1,1,0
171.92352,-43.56777,5,1,1,0
172.35222,-43.58633,5,1,1,0
172.16083,-43.50614,6.0466,1,1,0
172.19672,-43.50451,5,1,1,0
172.28984,-43.60449,10.1545,0,1,3
171.89349,-43.59462,5,1,1,0
172.1707,-43.51483,5,1,1,0
171.88785,-43.54869,5,1,1,0
172.16127,-43.59513,5,1,1,0
172.39381,-43.58376,5,1,1,0
172.26042,-43.61144,5,1,1,0
172.3717,-43.65087,7.0925,0,1,3
171.93904,-43.55844,6.5999,1,1,0
172.19196,-43.5392,5,1,1,0
172.36642,-43.62109,4.5959,1,1,0
172.38062,-43.59384,5,1,1,0
171.94766,-43.5588,5,1,1,0
171.74315,-43.5589,5,1,1,0
172.33432,-43.61337,5,1,1,0
172.43462,-43.61414,5,1,1,0
172.37526,-43.56985,5,1,1,0
172.4225,-43.62117,5,1,1,0
172.39388,-43.60055,5,1,1,0
172.09662,-43.5901,5,1,1,0
171.88641,-43.54515,5,1,1,0
172.34187,-43.61994,5,1,1,0
171.95604,-43.23745,7.3044,0,1,3
171.89436,-43.56295,5,1,1,0
172.32617,-43.59127,5,1,1,0
171.89575,-43.58829,5,1,1,0
172.18405,-43.57119,5,1,1,0
172.37953,-43.63556,5,1,1,0
172.32945,-43.60217,5,1,1,0
172.42502,-43.60212,10.0671,0,1,3
172.21895,-43.60532,5,1,1,0
172.0856,-43.6275,5,1,1,0
172.89674,-43.4317,20.3085,2,0,2
171.8597,-43.55265,5,1,1,0
172.11794,-43.44704,5,1,1,0
172.39041,-43.63535,7.4133,0,1,3
172.37006,-43.57325,5,1,1,0
171.8725,-43.56815,5,1,1,0
172.0728,-43.52858,5,1,1,0
172.42294,-43.60497,9.9268,0,1,3
172.34172,-43.58527,5,1,1,0
171.96031,-43.29507,8.4272,0,1,3
171.94629,-43.29355,8.3134,0,1,3
172.38231,-43.56614,5,1,1,0
172.19046,-43.45955,5,1,1,0
172.25996,-43.62617,5,1,1,0
172.40109,-43.59822,5,1,1,0
172.1684,-43.48001,5,1,1,0
172.39804,-43.63996,5,1,1,0
171.8584,-43.53201,5,1,1,0
172.17308,-43.47834,6.2144,1,1,0
172.13773,-43.47855,8.8971,0,1,3
172.4326,-43.63824,5,1,1,0
172.44003,-43.65873,5,1,1,0
172.1517,-43.60926,5,1,1,0
171.89137,-43.59511,5,1,1,0
171.955,-43.30067,8.8507,0,1,3
172.2937,-43.57828,5,1,1,0
172.22293,-43.61401,5,1,1,0
172.38396,-43.64988,5,1,1,0
172.28975,-43.57349,5,1,1,0
172.11819,-43.64194,5,1,1,0
172.36545,-43.57783,5,1,1,0
172.24884,-43.60686,5,1,1,0
172.4274,-43.67558,5,1,1,0
172.37611,-43.55879,5,1,1,0
172.32353,-43.62205,5,1,1,0
171.922,-43.54683,5,1,1,0
172.15617,-43.52676,5,1,1,0
172.24875,-43.60982,5,1,1,0
172.30669,-43.57832,5,1,1,0
171.98082,-43.57405,5,1,1,0
172.24275,-43.59495,5.5941,1,1,0
172.37172,-43.63316,5,1,1,0
172.15195,-43.47188,5,1,1,0
172.35396,-43.5941,8.7478,0,1,3
172.34055,-43.63017,5,1,1,0
172.15289,-43.51964,5,1,1,0
172.19814,-43.61833,5,1,1,0
171.93486,-43.55879,5.554,1,1,0
172.32443,-43.58844,14.5676,3,0,1
171.84985,-43.62611,5,1,1,0
172.07434,-43.59186,5,1,1,0
172.44284,-43.63536,9.5666,0,1,3
172.45311,-43.61773,12,3,2,1
172.47342,-43.57239,26.71,2,0,2
171.87108,-43.57574,5,1,1,0
172.15683,-43.598,5,1,1,0
172.38203,-43.63087,7.4867,0,1,3
172.43944,-43.59151,7.2458,0,1,3
172.29456,-43.57668,5,1,1,0
172.41299,-43.64095,5,1,1,0
172.38695,-43.6193,5,1,1,0
172.26112,-43.60632,5,1,1,0
171.93221,-43.5646,5,1,1,0
172.36212,-43.65055,5,1,1,0
172.20215,-43.57699,9.1725,0,1,3
171.93735,-43.54293,8.8724,0,1,3
171.99471,-43.57909,5,1,1,0
171.92995,-43.5375,8.1017,0,1,3
172.37907,-43.57098,7.8945,0,1,3
171.89912,-43.54685,5,1,1,0
172.18341,-43.46643,5,1,1,0
172.14331,-43.4952,5,1,1,0
172.14481,-43.52154,5,1,1,0
172.32689,-43.5691,5,1,1,0
172.34587,-43.58994,7.7926,0,1,3
172.24831,-43.5769,5,1,1,0
172.19682,-43.61808,12,3,2,1
172.38852,-43.62918,7.7886,0,1,3
172.46411,-43.63531,8.6697,0,1,3
172.31882,-43.60956,5,1,1,0
171.9003,-43.55003,5,1,1,0
172.27875,-43.5448,5,1,1,0
172.1666,-43.48083,5,1,1,0
172.35475,-43.62489,5,1,1,0
172.41183,-43.60876,5,1,1,0
172.09389,-43.57601,5,1,1,0
172.43497,-43.58593,6.7012,1,1,3
172.35201,-43.60482,5,1,1,0
172.4402,-43.65237,5,1,1,0
172.16599,-43.60203,5,1,1,0
172.16341,-43.61676,5,1,1,0
172.15396,-43.51883,5,1,1,0
172.3968,-43.60937,5,1,1,0
172.37465,-43.58625,5,1,1,0
172.35236,-43.6025,12,3,2,1
172.24806,-43.57281,5,1,1,0
172.34886,-43.58728,5,1,1,0
172.3839,-43.62663,5,1,1,0
172.33063,-43.5586,12,3,2,1
172.24364,-43.59853,5,1,1,0
172.39847,-43.56446,7.9846,0,1,3
172.47118,-43.64406,8.4936,0,1,3
172.4682,-43.64477,8.4826,0,1,3
172.09576,-43.60311,5,1,1,0
172.00052,-43.26859,8.4241,0,1,3
171.86749,-43.57302,5,1,1,0
172.4017,-43.54279,5,1,1,0
172.41609,-43.5411,12,3,2,1
172.56297,-43.63664,13.9583,3,0,1
171.90987,-43.55154,5,1,1,0
172.20085,-43.50824,7.7852,0,1,3
172.17355,-43.60536,8.9035,0,1,3
172.17184,-43.48182,5.9484,1,1,0
171.83159,-43.56882,5,1,1,0
172.33919,-43.60912,5,1,1,0
172.15523,-43.61721,5,1,1,0
172.48265,-43.60912,8.7364,0,1,3
171.89253,-43.53422,8.9796,3,1,3
172.34654,-43.61749,5,1,1,0
172.0428,-43.59093,5,1,1,0
172.12956,-43.61646,5,1,1,0
172.15332,-43.5296,5,1,1,0
172.14281,-43.46313,5,1,1,0
172.58786,-43.5834,4.7838,1,1,0
172.30557,-43.5825,5,1,1,0
172.2357,-43.60427,5,1,1,0
172.28505,-43.61062,5,1,1,0
172.24846,-43.61676,5,1,1,0
172.01624,-43.26565,8.8052,0,1,3
171.92963,-43.55328,5,1,1,0
172.2975,-43.59291,9.1071,0,1,3
172.13774,-43.60784,5,1,1,0
172.2551,-43.5977,5,1,1,0
171.91071,-43.52978,8.8514,3,1,3
172.25319,-43.60777,12,3,2,1
172.04825,-43.61076,5,1,1,0
171.91809,-43.55961,5,1,1,0
172.20319,-43.6526,5,1,1,0
172.39876,-43.56284,7.1712,0,1,3
172.37845,-43.58818,19.2521,2,0,2
172.14972,-43.58891,5,1,1,0
172.5276,-43.60808,5,1,1,0
171.87755,-43.51807,5,1,1,0
172.36322,-43.59731,5,1,1,0
172.46434,-43.6304,5,1,1,0
171.80264,-43.57982,7.0662,1,1,3
172.37155,-43.56135,5,1,1,0
172.38927,-43.77238,7.0229,1,1,3
172.45059,-43.64566,5,1,1,0
172.37512,-43.6332,5,1,1,0
172.24965,-43.59155,7.5701,0,1,3
172.18626,-43.58306,5,1,1,0
172.41382,-43.56583,12,3,2,1
172.3943,-43.5822,9.5281,0,1,3
171.88705,-43.54343,8.6083,3,1,3
172.5114,-43.56689,12,3,2,1
172.34706,-43.60109,5,1,1,0
172.18462,-43.57227,5,1,1,0
172.16145,-43.52869,5,1,1,0
172.4496,-43.60554,8.9956,0,1,3
172.20605,-43.62552,5,1,1,0
172.00697,-43.5882,5,1,1,0
172.19214,-43.60834,5,1,1,0
172.06741,-43.5973,5,1,1,0
172.41664,-43.58693,8.1388,0,1,3
172.36992,-43.5854,5,1,1,0
172.42703,-43.62851,5,1,1,0
172.34477,-43.60536,5,1,1,0
172.40387,-43.57572,5,1,1,0
172.36647,-43.58464,5,1,1,0
172.35553,-43.60609,5,1,1,0
172.18196,-43.55602,5,1,1,0
172.2946,-43.56549,5,1,1,0
172.43227,-43.62171,5,1,1,0
172.17285,-43.56633,7.8742,0,1,3
172.01465,-43.56137,5,1,1,0
171.80365,-43.54681,5,1,1,0
171.9368,-43.55164,5,1,1,0
172.06793,-43.6064,5,1,1,0
172.38715,-43.56505,7.1449,0,1,3
171.93021,-43.52782,5,1,1,0
172.39819,-43.65488,5,1,1,0
171.85396,-43.52691,5,1,1,0
172.34186,-43.59861,5,1,1,0
172.35139,-43.57929,5,1,1,0
172.29924,-43.6288,12,3,2,1
172.31764,-43.58875,7.6978,0,1,3
172.31667,-43.58051,5,1,1,0
172.22356,-43.64002,5,1,1,0
171.89914,-43.57339,5,1,1,0
172.37683,-43.57102,5,1,1,0
171.86885,-43.55976,5,1,1,0
172.38976,-43.58875,5,1,1,0
172.28714,-43.59937,9.0612,0,1,3
172.16618,-43.60905,5,1,1,0
172.32095,-43.61245,5,1,1,0
172.31741,-43.62411,5,1,1,0
171.99986,-43.27069,8.9016,0,1,3
172.50221,-43.61,6.3312,0,1,0
172.22386,-43.64868,5,1,1,0
172.11024,-43.65125,5,1,1,0
172.30832,-43.55744,5,1,1,0
172.13828,-43.57161,5,1,1,0
172.21091,-43.63028,5,1,1,0
172.3913,-43.60484,5,1,1,0
172.38544,-43.63008,5,1,1,0
172.49049,-43.61435,5,1,1,0
172.17799,-43.48222,5.499,1,1,0
172.15543,-43.60831,5,1,1,0
172.16006,-43.56358,5,1,1,0
172.33191,-43.61646,5,1,1,0
172.35043,-43.59827,5,1,1,0
172.38402,-43.56875,5,1,1,0
172.3409,-43.59161,5,1,1,0
172.02081,-43.61508,5,1,1,0
172.06987,-43.60088,5,1,1,0
172.38165,-43.61794,5,1,1,0
172.36411,-43.57367,5,1,1,0
172.15303,-43.58712,5,1,1,0
171.88568,-43.57306,5,1,1,0
172.32182,-43.60285,5,1,1,0
172.39441,-43.61534,5,1,1,0
172.33548,-43.59407,5,1,1,0
172.06256,-43.23226,5,1,1,0
172.33127,-43.59066,5,1,1,0
172.26932,-43.57839,5,1,1,0
171.91495,-43.55792,12,3,2,1
172.11176,-43.61299,5,1,1,0
172.41629,-43.62996,12,3,2,1
172.35599,-43.61378,5,1,1,0
172.3277,-43.69551,5,1,1,0
172.28105,-43.57343,12,3,2,1
172.46614,-43.62705,5,1,1,0
172.30457,-43.58462,5,1,1,0
172.22464,-43.63124,5,1,1,0
172.39899,-43.61653,5,1,1,0
172.15959,-43.60704,8.8349,0,1,3
172.2939,-43.57759,5,1,1,0
172.24986,-43.60554,5,1,1,0
172.17018,-43.49276,6.0042,1,1,0
172.39076,-43.54349,5,1,1,0
172.17288,-43.51837,5,1,1,0
172.1599,-43.46675,5,1,1,0
172.39435,-43.58497,5,1,1,0
172.23151,-43.61113,12,3,2,1
172.32878,-43.60758,5,1,1,0
172.16852,-43.56732,5,1,1,0
171.89546,-43.56063,5,1,1,0
172.36205,-43.60588,5,1,1,0
172.19095,-43.55274,5,1,1,0
171.86331,-43.56293,8.6686,3,1,3
172.30177,-43.54875,4.4981,1,1,0
172.19989,-43.54879,9.1612,0,1,3
171.94601,-43.28415,7.8583,0,1,3
171.95143,-43.28367,6.4451,1,1,0
172.29234,-43.60044,12,3,2,1
172.3335,-43.61068,5,1,1,0
172.37862,-43.5521,10.4106,3,1,3
171.87044,-43.58463,5,1,1,0
171.99539,-43.3274,12,0,2,1
172.15451,-43.601,8.2736,0,1,3
171.87881,-43.59682,5,1,1,0
171.86581,-43.56387,5,1,1,0
171.87405,-43.56808,5,1,1,0
172.34923,-43.59455,5,1,1,0
172.36604,-43.57272,5,1,1,0
172.34149,-43.60024,5,1,1,0
172.15179,-43.61522,5,1,1,0
172.21991,-43.63884,5,1,1,0
171.8519,-43.59093,5,1,1,0
172.21375,-43.59651,5,1,1,0
172.39145,-43.55603,5,1,1,0
172.41617,-43.60085,9.1832,0,1,3
172.28818,-43.62769,5,1,1,0
171.87479,-43.58499,5,1,1,0
172.4039,-43.58034,9.928,0,1,3
172.20024,-43.57474,5,1,1,0
172.17816,-43.59032,11.277,3,0,1
172.14212,-43.49034,9.1412,0,1,3
172.16656,-43.4871,6.5427,1,1,0
171.83232,-43.57513,7.7084,1,1,3
172.37746,-43.76475,5,1,1,0
172.56802,-43.62066,5.2987,1,1,0
172.09753,-43.58255,8.3265,0,1,3
172.38651,-43.56329,5,1,1,0
172.37105,-43.62067,5,1,1,0
171.91762,-43.57637,5,1,1,0
172.16182,-43.55718,5,1,1,0
171.88846,-43.56678,5,1,1,0
172.15736,-43.45693,5,1,1,0
172.21921,-43.60927,5,1,1,0
172.38683,-43.62467,5,1,1,0
172.32819,-43.59476,5,1,1,0
172.48763,-43.59405,5,1,1,0
172.34781,-43.58638,5,1,1,0
172.20288,-43.64895,5,1,1,0
172.38124,-43.77665,5,1,1,0
172.16869,-43.60274,5,1,1,0
172.203,-43.63712,5,1,1,0
172.36465,-43.60933,5,1,1,0
172.40134,-43.53899,5,1,1,0
172.33237,-43.64842,5,1,1,0
172.36023,-43.57807,5,1,1,0
172.54774,-43.58582,5,1,1,0
172.49248,-43.61938,8.2927,0,1,3
172.24028,-43.62299,5,1,1,0
172.10516,-43.49577,5,1,1,0
172.28146,-43.57037,5,1,1,0
172.43352,-43.64935,5,1,1,0
172.21303,-43.63868,5,1,1,0
172.13272,-43.63144,5,1,1,0
172.38773,-43.54608,7.4895,0,1,3
172.48331,-43.58959,12,3,2,1
172.1981,-43.5261,5.0817,1,1,0
172.36674,-43.65115,5,1,1,0
172.1161,-43.5382,5,1,1,0
172.12791,-43.58572,5,1,1,0
172.34221,-43.61296,5,1,1,0
172.4527,-43.64631,5,1,1,0
171.85167,-43.57538,5,1,1,0
172.19255,-43.58369,5,1,1,0
171.88777,-43.5847,5,1,1,0
172.11658,-43.29712,5,1,1,0
172.0986,-43.57944,8.2176,0,1,3
172.15659,-43.61805,5,1,1,0
172.43417,-43.65665,5,1,1,0
171.94868,-43.5568,5,1,1,0
172.48851,-43.72913,5,1,1,0
172.2504,-43.59742,9.3424,0,1,3
172.04237,-43.61009,5,1,1,0
171.87357,-43.58634,5,1,1,0
172.42624,-43.59146,9.4608,0,1,3
172.1032,-43.60289,5,1,1,0
172.38737,-43.60398,6.3481,1,1,0
172.13805,-43.47689,5,1,1,0
172.34402,-43.65024,5,1,1,0
171.85712,-43.57962,5,1,1,0
172.05074,-43.61517,5,1,1,0
172.15416,-43.47004,5,1,1,0
172.16902,-43.61878,5,1,1,0
172.16292,-43.61534,5,1,1,0
172.09526,-43.59573,5,1,1,0
172.11453,-43.44396,5,1,1,0
172.19553,-43.65386,5,1,1,0
172.15666,-43.6081,5,1,1,0
172.43645,-43.59959,6.4109,0,1,0
171.95036,-43.54735,5,1,1,0
171.8506,-43.5794,5,1,1,0
171.97357,-43.54375,5,1,1,0
172.1492,-43.45839,5,1,1,0
172.25313,-43.59104,7.3713,0,1,3
172.39322,-43.54856,5,1,1,0
172.40381,-43.61781,5,1,1,0
172.11124,-43.4755,5,1,1,0
172.50769,-43.50485,12,3,2,1
171.83704,-43.57198,6.6241,1,1,0
172.53215,-43.9078,5,1,1,0
172.40582,-43.59332,8.1432,0,1,3
172.19174,-43.63005,5,1,1,0
172.16573,-43.46763,6.5566,0,1,0
172.7088,-43.93907,22.562,2,0,2
172.48697,-43.63803,5,1,1,0
172.47171,-43.63718,7.6376,0,1,3
172.42879,-43.5881,8.1694,0,1,3
172.34932,-43.62639,12,3,2,1
172.31412,-43.54835,7.4308,0,1,3
172.06551,-43.60039,5,1,1,0
172.40587,-43.59293,5,1,1,0
172.38258,-43.6254,15.5772,2,0,1
172.27617,-43.56243,15.0139,3,0,1
172.40781,-43.44815,5,1,1,0
172.37146,-43.59783,5,1,1,0
172.28308,-43.54019,5,1,1,0
172.40613,-43.53836,7.4582,0,1,3
171.91074,-43.5706,5,1,1,0
172.23112,-43.6045,5,1,1,0
172.37814,-43.61052,5,1,1,0
172.24223,-43.61097,5,1,1,0
172.27109,-43.51275,23.7881,2,0,2
172.38991,-43.55844,7.1027,0,1,3
172.30453,-43.54073,5,1,1,0
172.14928,-43.59235,5,1,1,0
171.92702,-43.56948,5,1,1,0
172.2525,-43.61491,5,1,1,0
172.30028,-43.56014,5,1,1,0
172.26463,-43.60812,5,1,1,0
172.47105,-43.64286,8.361,0,1,3
172.39748,-43.58145,8.7143,0,1,3
172.16055,-43.60273,5,1,1,0
172.15457,-43.51229,5,1,1,0
172.44925,-43.738,5,1,1,0
172.33519,-43.59086,5,1,1,0
171.88057,-43.54373,5,1,1,0
172.18196,-43.61688,12,3,2,1
172.41171,-43.60185,12,3,2,1
172.17972,-43.58055,12,3,2,1
172.46115,-43.64681,7.949,0,1,3
172.33376,-43.53359,5.7318,1,1,0
172.22258,-43.59619,12,3,2,1
172.39568,-43.5615,9.4592,0,1,3
172.394,-43.56371,9.8472,0,1,3
172.17152,-43.51338,9.1278,0,1,3
172.29245,-43.57861,5,1,1,0
172.38913,-43.61528,5,1,1,0
172.12579,-43.48425,5,1,1,0
172.16875,-43.46275,5.6146,1,1,0
172.42873,-43.7731,12,3,2,1
172.23367,-43.58861,16.4471,2,0,1
172.15942,-43.47678,5,1,1,0
172.40033,-43.54813,6.3224,1,1,0
172.12482,-43.43966,5,1,1,0
172.17247,-43.45685,6.546,1,1,0
172.17523,-43.47424,5,1,1,0
172.51427,-43.58228,5.684,1,1,0
171.89464,-43.52129,5,1,1,0
172.54446,-43.59406,9.0381,0,1,3
172.24603,-43.59237,7.4829,0,1,3
172.3692,-43.55379,7.9907,0,1,3
172.16261,-43.47823,8.5651,0,1,3
172.35518,-43.62511,5,1,1,0
171.87912,-43.59177,5,1,1,0
172.19824,-43.59118,5,1,1,0
172.33653,-43.62108,12,3,2,1
172.21194,-43.64331,5,1,1,0
172.28923,-43.57005,5,1,1,0
172.28818,-43.54436,18.5005,2,0,2
172.06461,-43.56278,9.9751,0,1,3
172.07289,-43.59849,5,1,1,0
172.36134,-43.58003,5,1,1,0
172.48724,-43.62439,5,1,1,0
172.26048,-43.59192,5,1,1,0
172.13161,-43.43206,5,1,1,0
172.38307,-43.5552,5,1,1,0
172.38307,-43.56562,8.4823,0,1,3
172.41107,-43.507,5,1,1,0
172.4503,-43.65415,5,1,1,0
172.55843,-43.62481,6.9378,0,1,3
172.33823,-43.58916,7.5441,0,1,3
172.26025,-43.61005,12,3,2,1
172.45279,-43.63036,5,1,1,0
172.41083,-43.58057,12,3,2,1
171.85857,-43.60457,5,1,1,0
172.36302,-43.59272,5,1,1,0
172.1703,-43.46259,5,1,1,0
172.17752,-43.52095,5,1,1,0
172.48798,-43.61528,5,1,1,0
172.36139,-43.61718,5,1,1,0
172.17609,-43.4465,5.2071,1,1,0
172.16562,-43.61657,5,1,1,0
172.39084,-43.55924,7.8178,0,1,3
172.14127,-43.5743,5,1,1,0
172.19122,-43.5007,5.2328,1,1,0
172.06612,-43.57162,7.3071,0,1,3
172.36633,-43.58271,5,1,1,0
172.3004,-43.63563,5,1,1,0
172.51668,-43.5271,5,1,1,0
172.39035,-43.57447,8.3784,0,1,3
172.26509,-43.60921,12,3,2,1
172.03493,-43.5834,5,1,1,0
172.41791,-43.57847,5,1,1,0
172.34746,-43.64267,18.9906,2,0,2
172.28447,-43.62291,17.2662,2,0,1
172.34952,-43.59379,5,1,1,0
171.87901,-43.54667,10.1704,3,1,3
172.25063,-43.5577,5,1,1,0
172.37419,-43.59551,5.9674,1,1,0
172.1963,-43.52776,5,1,1,0
172.38838,-43.56006,6.2274,1,1,0
172.05811,-43.56859,9.1369,0,1,3
172.01018,-43.27164,8.5578,0,1,3
172.36229,-43.58025,5,1,1,0
171.9136,-43.57672,5,1,1,0
172.2937,-43.6127,16.8477,2,0,1
172.39354,-43.58231,8.7934,0,1,3
172.44212,-43.82932,8.326,1,1,3
172.13651,-43.58632,8.2665,0,1,3
172.1393,-43.60266,5,1,1,0
172.51392,-43.79332,12,3,2,1
172.44104,-43.52121,5,1,1,0
171.91154,-43.54947,5,1,1,0
172.37515,-43.55846,5,1,1,0
172.21465,-43.52666,5,1,1,0
172.47783,-43.64415,9.1616,0,1,3
172.32709,-43.60055,5,1,1,0
171.89046,-43.57623,5,1,1,0
171.95337,-43.58411,5,1,1,0
171.88974,-43.54943,5,1,1,0
172.37253,-43.74868,7.1887,1,1,3
172.40266,-43.58384,5,1,1,0
172.17061,-43.5017,5,1,1,0
172.5583,-43.62937,6.7614,0,1,3
172.43286,-43.63005,12,3,2,1
172.3801,-43.56865,8.5678,0,1,3
172.38025,-43.56393,7.7294,0,1,3
172.5238,-43.58405,5,1,1,0
172.38161,-43.55472,6.7458,0,1,3
171.85748,-43.57884,7.566,1,1,3
172.39188,-43.55684,8.1575,0,1,3
172.48956,-43.62613,7.6971,0,1,3
172.43771,-43.52274,5,1,1,0
172.32553,-43.56027,6.6855,0,1,0
171.86179,-43.5693,5,1,1,0
172.19391,-43.55455,5,1,1,0
171.88638,-43.52766,9.4562,3,1,3
172.36807,-43.5659,5,1,1,0
172.38159,-43.56385,5,1,1,0
172.39595,-43.61454,12,3,2,1
171.89377,-43.53951,5,1,1,0
172.47055,-43.63601,8.7556,0,1,3
172.23045,-43.61353,5,1,1,0
172.47835,-43.6174,7.2941,0,1,3
172.35759,-43.57785,5,1,1,0
172.3819,-43.56094,7.7924,0,1,3
172.38155,-43.55667,5,1,1,0
172.34467,-43.59589,5,1,1,0
172.39426,-43.56375,5,1,1,0
172.33975,-43.59227,5,1,1,0
171.84453,-43.57986,5,1,1,0
172.38214,-43.55365,5,1,1,0
171.84741,-43.58017,5,1,1,0
172.39165,-43.57128,4.6326,1,1,0
171.88065,-43.57105,7.504,1,1,3
172.41733,-43.53486,5,1,1,0
172.43311,-43.62395,5,1,1,0
172.34018,-43.5802,5,1,1,0
172.31667,-43.562,5,1,1,0
171.8266,-43.59192,5,1,1,0
172.36214,-43.58667,5,1,1,0
171.93562,-43.56523,7.3093,1,1,3
172.40036,-43.54985,6.4013,1,1,0
172.44783,-43.64912,5,1,1,0
172.16223,-43.44773,6.7059,1,1,3
172.22934,-43.64505,15.2834,3,0,1
172.2726,-43.60334,5,1,1,0
172.51292,-43.57736,5,1,1,0
171.90381,-43.57948,5,1,1,0
171.92139,-43.56721,5,1,1,0
172.34161,-43.52772,5,1,1,0
172.50015,-43.60415,6.5182,0,1,0
172.30072,-43.59246,5,1,1,0
172.21533,-43.6081,12,3,2,1
172.14522,-43.6097,5,1,1,0
171.92552,-43.54964,5,1,1,0
172.26605,-43.54195,5,1,1,0
172.30402,-43.56564,5,1,1,0
172.16504,-43.52077,9.1889,0,1,3
172.11719,-43.41614,6.7244,0,1,3
172.3493,-43.5967,5,1,1,0
172.38264,-43.56728,5,1,1,0
172.36296,-43.57087,5,1,1,0
172.35896,-43.5994,5,1,1,0
171.89362,-43.56411,5,1,1,0
172.27202,-43.59014,8.2703,0,1,3
171.92352,-43.56187,5,1,1,0
172.26883,-43.59365,12,3,2,1
172.11375,-43.44753,5,1,1,0
171.93196,-43.55234,5,1,1,0
172.34853,-43.58931,5,1,1,0
172.38866,-43.5859,5,1,1,0
172.29442,-43.59959,5,1,1,0
172.27167,-43.61481,5,1,1,0
171.88699,-43.59753,12,3,2,1
172.37694,-43.5895,5,1,1,0
172.37404,-43.63925,5,1,1,0
172.24081,-43.60692,5,1,1,0
171.88007,-43.56591,7.8579,1,1,3
172.41878,-43.63052,8.1948,0,1,3
172.44391,-43.64857,5,1,1,0
172.47609,-43.63757,8.1232,0,1,3
172.34052,-43.59718,5,1,1,0
172.31398,-43.55311,5,1,1,0
172.6501,-43.62369,7.299,0,1,3
172.07011,-43.59402,5,1,1,0
171.89948,-43.57034,5,1,1,0
172.35184,-43.53958,5,1,1,0
172.1864,-43.59785,5,1,1,0
172.18762,-43.57882,5,1,1,0
171.60323,-43.22526,5,0,1,0
172.37747,-43.62923,5,1,1,0
171.64653,-43.45272,5,1,1,0
172.16484,-43.49217,5,1,1,0
172.16435,-43.46682,4.956,1,1,0
171.89174,-43.56489,5,1,1,0
172.29355,-43.60841,5,1,1,0
172.32536,-43.58273,5,1,1,0
172.2224,-43.59943,8.8227,0,1,3
172.35425,-43.57412,5,1,1,0
171.81161,-43.54213,5,1,1,0
172.24861,-43.54232,5,1,1,0
171.87898,-43.52552,10.0196,3,1,3
172.45633,-43.6455,5,1,1,0
172.44801,-43.58546,15.8798,2,0,1
172.18733,-43.55341,5,1,1,0
172.49969,-43.84702,12.1997,3,2,1
172.2056,-43.56073,5,1,1,0
172.44601,-43.64127,5,1,1,0
172.33987,-43.58891,9.0888,0,1,3
172.3185,-43.61397,5,1,1,0
172.41396,-43.62792,14.3226,3,0,1
172.39348,-43.59653,5,1,1,0
172.38626,-43.6244,5,1,1,0
172.41078,-43.5924,3,1,3,0
172.33395,-43.6064,5,1,1,0
172.11713,-43.60604,5,1,1,0
172.37498,-43.64516,5,1,1,0
172.3894,-43.60466,8.7249,0,1,3
172.43541,-43.58759,14.1547,3,0,1
172.38191,-43.55975,7.6657,0,1,3
172.36572,-43.58481,5,1,1,0
172.32773,-43.55262,5,1,1,0
172.0918,-43.60648,5,1,1,0
172.35753,-43.62309,5,1,1,0
172.1813,-43.53687,5,1,1,0
172.37578,-43.56649,5,1,1,0
172.37947,-43.57884,3,1,3,0
172.15904,-43.63218,5,1,1,0
172.17007,-43.59495,3,1,3,0
171.88789,-43.5539,3,1,3,0
172.33887,-43.6161,5,1,1,0
172.0058,-43.6356,5,1,1,0
172.28836,-43.56548,8.9693,0,1,3
172.3394,-43.60327,12,3,2,1
172.09613,-43.61114,3,1,3,0
172.13251,-43.49569,8.8173,0,1,3
172.1843,-43.45299,5,1,1,0
172.16507,-43.5093,5,1,1,0
172.28122,-43.56471,5,1,1,0
172.4545,-43.61432,12,3,2,1
172.4621,-43.63038,3.9764,1,0,0
172.35638,-43.60094,5,1,1,0
172.18262,-43.47612,5,1,1,0
171.95984,-43.62115,3,1,3,0
172.40942,-43.54927,7.3071,0,1,3
171.88049,-43.56316,13.4637,3,0,1
172.20399,-43.64301,5,1,1,0
172.10735,-43.60278,5,1,1,0
171.71867,-43.54746,13.0227,3,0,1
171.8725,-43.6081,5,1,1,0
172.44447,-43.6275,5,1,1,0
172.28462,-43.56189,3,1,3,0
172.20888,-43.57295,5,1,1,0
172.17586,-43.48945,5,1,1,0
171.94395,-43.56361,5,1,1,0
172.18729,-43.54075,5,1,1,0
172.43188,-43.52438,9.0101,0,1,3
172.36684,-43.56763,5,1,1,0
171.91595,-43.54303,2.8986,1,3,0
172.35307,-43.56174,6.0025,1,1,0
172.16728,-43.60006,9.7817,0,1,3
172.36034,-43.57512,5,1,1,0
172.16905,-43.46141,5,1,1,0
172.13467,-43.4249,6.6853,1,1,0
172.31882,-43.57853,5,1,1,0
172.36644,-43.57359,5,1,1,0
172.18394,-43.44949,5.5331,1,1,0
172.46385,-43.6242,5,1,1,0
172.38896,-43.58567,5,1,1,0
172.46806,-43.61501,3,1,3,0
172.15135,-43.59487,6.0303,1,1,0
172.09862,-43.33559,5,1,1,0
172.38304,-43.56069,8.5137,0,1,3
172.53505,-43.5249,18.7759,2,0,2
172.41202,-43.61956,18.3915,2,0,2
171.9325,-43.55859,5,1,1,0
171.93559,-43.54901,5,1,1,0
171.72896,-43.56557,5,1,1,0
172.37892,-43.5643,3,1,3,0
172.06644,-43.56297,8.5972,0,1,3
172.34068,-43.60088,5,1,1,0
172.38551,-43.5771,12,3,2,1
172.14275,-43.44202,8.7781,0,1,3
172.40364,-43.56105,12,3,2,1
172.21645,-43.61994,3,1,3,0
172.39511,-43.62747,8.6718,0,1,3
171.89792,-43.57962,5,1,1,0
172.27377,-43.5831,3,1,3,0
172.07594,-43.60781,5,1,1,0
172.36543,-43.64577,5,1,1,0
172.17398,-43.5445,5,1,1,0
172.35982,-43.5957,5,1,1,0
172.18512,-43.60927,5,1,1,0
172.15454,-43.42163,5,1,1,0
171.89462,-43.6036,5,1,1,0
172.4019,-43.56191,9.324,0,1,3
172.50092,-43.61507,11.718,3,2,1
172.32045,-43.57207,17.0943,2,0,1
172.37103,-43.57177,5,1,1,0
172.37695,-43.56195,5,1,1,0
172.28047,-43.62717,5,1,1,0
172.16357,-43.45596,5,1,1,0
172.27672,-43.58072,3,1,3,0
172.07388,-43.6065,5,1,1,0
172.40561,-43.58317,6.9376,0,1,3
172.43008,-43.54607,12,3,2,1
172.34569,-43.59161,5,1,1,0
171.98843,-43.57682,5,1,1,0
172.32777,-43.53852,7.4925,0,1,3
172.29654,-43.56627,12,3,2,1
171.88667,-43.5627,5,1,1,0
172.4826,-43.62358,5,1,1,0
172.37885,-43.55983,5.5358,1,1,0
172.27338,-43.57288,5,1,1,0
172.3183,-43.53407,2,1,0,0
172.14282,-43.48438,8.7677,0,1,3
172.28809,-43.60363,5,1,1,0
171.8605,-43.59803,5,1,1,0
172.04156,-43.59733,2,1,0,0
172.25377,-43.60587,5,1,1,0
171.9532,-43.55488,5,1,1,0
172.15288,-43.57272,5,1,1,0
172.24489,-43.60568,5,1,1,0
172.08841,-43.60254,5,1,1,0
172.44148,-43.63482,5,1,1,0
172.42197,-43.59809,3,1,3,0
172.16914,-43.58216,5,1,1,0
172.3513,-43.59584,10.7405,3,0,1
171.90036,-43.55429,5,1,1,0
172.30635,-43.54722,9.1888,0,1,3
171.88106,-43.57154,5,1,1,0
171.97101,-43.52423,5,1,1,0
172.17006,-43.51339,5,1,1,0
172.367,-43.64837,5,1,1,0
172.40741,-43.63651,9.206,0,1,3
172.3416,-43.59602,9.666,0,1,3
171.89236,-43.59226,5,1,1,0
172.40195,-43.57739,6.8551,0,1,3
172.70235,-43.59204,7.4851,1,1,3
172.59624,-43.58949,5,1,1,0
172.35063,-43.6123,5,1,1,0
172.62892,-43.57989,5,1,1,0
172.1685,-43.60662,3,1,3,0
172.68251,-43.58176,7.507,1,1,3
172.18419,-43.46335,5,1,1,0
171.84875,-43.58932,5,1,1,0
172.08501,-43.59991,5,1,1,0
172.38153,-43.55746,6.9385,0,1,3
172.06949,-43.6046,5,1,1,0
172.13066,-43.6144,5,1,1,0
172.31285,-43.59966,10.0255,0,1,3
172.68999,-43.58127,7.1612,1,1,3
172.20192,-43.61151,5,1,1,0
172.26337,-43.61356,9.0842,0,1,3
172.31383,-43.60743,5,1,1,0
172.38249,-43.58959,3,1,3,0
172.15965,-43.60064,5,1,1,0
172.4469,-43.62891,3,1,3,0
172.0844,-43.60395,5,1,1,0
172.87256,-43.81368,33,2,0,2
172.5502,-43.601,12,3,2,1
172.18065,-43.56829,5,1,1,0
172.41354,-43.83591,3,1,3,0
172.37231,-43.55384,3,1,3,0
172.71924,-43.56173,5,1,1,0
172.42554,-43.53149,5,1,1,0
171.91585,-43.58641,5,1,1,0
172.40752,-43.58302,6.1862,1,1,0
172.16093,-43.43553,5,1,1,0
172.50983,-43.64353,14.8904,2,0,1
172.32375,-43.60072,5,1,1,0
171.88167,-43.55503,8.3561,3,1,3
172.46562,-43.63298,12,3,2,1
172.28983,-43.60745,12,3,2,1
172.46626,-43.61176,5,1,1,0
172.16289,-43.57722,5,1,1,0
172.41394,-43.55344,8.262,0,1,3
172.01266,-43.56865,5,1,1,0
172.6024,-43.58041,12,3,2,1
171.9769,-43.55056,9.2845,0,1,3
172.3501,-43.5867,5,1,1,0
172.43886,-43.65248,15.7391,2,0,1
172.94716,-43.71476,28.1936,2,0,2
172.91724,-43.70629,28.9856,2,0,2
172.35466,-43.58918,5,1,1,0
172.12451,-43.51031,5,1,1,0
172.42043,-43.82941,5,1,1,0
172.57909,-43.58105,7.3426,0,1,3
172.3028,-43.56591,12,3,2,1
172.18771,-43.47487,5,1,1,0
172.58916,-43.5713,7.3593,1,1,3
172.36768,-43.57954,19.9704,2,0,2
172.27689,-43.58302,5,1,1,0
172.18112,-43.57954,5,1,1,0
172.47723,-43.80473,12,3,2,1
172.35051,-43.58738,5,1,1,0
172.66583,-43.57915,6.415,1,1,0
172.46021,-43.64115,8.8062,0,1,3
172.15059,-43.58671,5,1,1,0
172.72066,-43.54805,5,1,1,0
172.18095,-43.31981,5,1,1,0
172.231,-43.61035,5,1,1,0
172.46252,-43.63556,7.6997,0,1,3
172.2818,-43.61408,12,3,2,1
172.64108,-43.57646,5,1,1,0
172.43382,-43.63728,5,1,1,0
171.94829,-43.58239,2,1,0,0
172.20778,-43.59237,5,1,1,0
172.27463,-43.58088,5,1,1,0
172.56996,-43.57947,5.8458,1,1,0
172.16786,-43.47035,5,1,1,0
172.39639,-43.54146,5,1,1,0
172.2114,-43.61654,5,1,1,0
172.19119,-43.30622,3,1,3,0
172.00404,-43.26368,8.8615,0,1,3
172.47514,-43.62017,9.0254,0,1,3
172.18944,-43.53986,5,1,1,0
172.70546,-43.62131,20.5987,2,0,2
173.12973,-43.69793,12,3,0,1
172.2718,-43.59626,5,1,1,0
172.25162,-43.33458,5,1,1,0
172.19469,-43.56748,3,1,3,0
172.24713,-43.49894,12,0,2,1
172.53056,-43.66232,12,3,2,1
172.05663,-43.6234,5,1,1,0
172.2285,-43.59882,5,1,1,0
171.94676,-43.56811,12,3,2,1
172.34235,-43.57624,5,1,1,0
172.39943,-43.60103,5,1,1,0
172.18657,-43.46129,5,1,1,0
171.96272,-43.55995,5,1,1,0
172.17838,-43.52188,9.1759,0,1,3
172.14497,-43.48487,8.2637,0,1,3
172.39963,-43.59509,2,1,0,0
172.34784,-43.51048,6.0212,1,1,0
172.18506,-43.53716,5,1,1,0
171.88454,-43.57747,5,1,1,0
172.17061,-43.5964,5,1,1,0
171.86099,-43.60773,5,1,1,0
172.30038,-43.60141,12,3,2,1
172.35141,-43.60211,5,1,1,0
171.9751,-43.63441,5,1,1,0
172.10887,-43.5862,9.3545,0,1,3
172.14713,-43.47795,5,1,1,0
172.67288,-43.57121,6.4065,1,1,0
172.0154,-43.56874,5,1,1,0
172.18253,-43.49131,5,1,1,0
172.28333,-43.5994,7.3222,0,1,3
172.37271,-43.54709,12,3,2,1
172.36523,-43.51222,5,1,1,0
172.37257,-43.59409,5,1,1,0
172.21249,-43.61236,5,1,1,0
172.47418,-43.63675,12,3,2,1
172.37132,-43.60976,12,3,2,1
172.16,-43.56017,5,1,1,0
172.34273,-43.59135,5,1,1,0
172.47566,-43.60078,8.7685,0,1,3
172.45515,-43.62322,5,1,1,0
172.34915,-43.59518,8.156,0,1,3
172.1534,-43.51271,9.4437,0,1,3
172.31483,-43.62651,12,3,2,1
172.17569,-43.50544,7.5979,0,1,3
172.49783,-43.62049,8.2993,0,1,3
172.51367,-43.59771,5,1,1,0
172.36092,-43.59407,5,1,1,0
172.32121,-43.59851,5,1,1,0
172.40576,-43.64133,5,1,1,0
172.34686,-43.58232,2,1,0,0
171.87025,-43.58536,5,1,1,0
172.53336,-43.68702,12,3,2,1
172.22154,-43.58189,5,1,1,0
172.38153,-43.60408,5,1,1,0
172.27831,-43.60596,12,3,2,1
171.91109,-43.5715,5,1,1,0
172.26216,-43.59541,5,1,1,0
172.30386,-43.5449,5,1,1,0
172.13872,-43.61036,5,1,1,0
172.18237,-43.55819,5,1,1,0
172.16002,-43.44484,6.3388,1,1,0
171.88919,-43.56466,5,1,1,0
172.44801,-43.62089,5,1,1,0
172.41885,-43.63204,12,3,2,1
172.15874,-43.4667,5,1,1,0
171.82347,-43.59269,5,1,1,0
172.82285,-43.68356,23.7115,2,0,2
172.91415,-43.67986,24.5116,2,0,2
171.90028,-43.60236,5,1,1,0
172.42271,-43.62339,12,3,2,1
171.87068,-43.5898,5,1,1,0
172.17661,-43.4646,6.2823,1,1,0
172.07529,-43.46648,5,1,1,0
171.9852,-43.55902,5,1,1,0
172.39961,-43.51543,2,1,0,0
171.89838,-43.60508,5,1,1,0
172.25029,-43.57351,5,1,1,0
172.45645,-43.62772,5,1,1,0
172.16252,-43.49704,8.163,0,1,3
172.1487,-43.60117,7.1285,0,1,3
172.1711,-43.58183,5,1,1,0
171.89592,-43.32477,11.1123,0,0,1
172.2467,-43.61169,5,1,1,0
172.53844,-43.62102,12,3,2,1
171.95,-43.55725,5,1,1,0
172.11819,-43.48333,5,1,1,0
172.16267,-43.46562,5,1,1,0
172.32292,-43.58001,5,1,1,0
172.69353,-43.56112,7.6591,1,1,3
171.90707,-43.33663,9.7403,0,1,3
171.91566,-43.34045,10.393,0,1,3
172.05925,-43.6068,5,1,1,0
172.36668,-43.75178,5,1,1,0
172.37135,-43.61192,5,1,1,0
172.09897,-43.59776,5,1,1,0
172.38168,-43.56386,5,1,1,0
172.79938,-43.59211,5,1,1,0
172.19107,-43.49599,5,1,1,0
172.16191,-43.61191,5,1,1,0
172.17882,-43.57513,5,1,1,0
171.93665,-43.52303,5,1,1,0
172.39252,-43.59872,5,1,1,0
172.36401,-43.60868,6.6417,1,1,0
172.0042,-43.24848,5,1,1,0
172.35001,-43.54745,5,1,1,0
172.15419,-43.60249,6.3661,1,1,0
172.29436,-43.56363,5,1,1,0
172.3524,-43.58697,5,1,1,0
172.39856,-43.56206,5,1,1,0
172.58452,-43.58892,7.2129,0,1,3
172.38043,-43.56489,5,1,1,0
172.1821,-43.64781,9.2655,0,1,3
172.38586,-43.58316,5,1,1,0
172.4071,-43.61858,6.0666,1,1,0
172.41763,-43.5494,5,1,1,0
172.12054,-43.61297,5,1,1,0
172.58684,-43.58503,6.6716,1,1,0
172.57527,-43.58951,5,1,1,0
171.85582,-43.59015,5,1,1,0
171.94604,-43.5412,8.6187,0,1,3
172.39993,-43.60197,5,1,1,0
172.1582,-43.61616,5,1,1,0
172.215,-43.54198,12,3,2,1
173.06447,-43.71725,26.1338,2,0,2
172.41219,-43.55002,8.5218,0,1,3
171.87714,-43.57917,5,1,1,0
172.12213,-43.43512,5,1,1,0
172.46729,-43.54942,12,3,2,1
172.29819,-43.57792,5,1,1,0
172.48103,-43.56088,12,3,2,1
172.42036,-43.54745,20.0184,2,0,2
172.35399,-43.58827,5,1,1,0
172.16217,-43.45824,5,1,1,0
172.05443,-43.60091,7.6355,0,1,3
172.40036,-43.579,8.5696,0,1,3
173.19609,-43.55324,5,1,1,0
172.71094,-43.59552,12,3,2,1
172.19023,-43.51322,5,1,1,0
172.24931,-43.59133,5,1,1,0
172.06262,-43.60512,5,1,1,0
172.12244,-43.4837,5,1,1,0
172.40994,-43.54797,5,1,1,0
171.92209,-43.46677,12,0,2,1
172.20515,-43.61043,5,1,1,0
172.19283,-43.44839,5,1,1,0
171.89369,-43.54577,9.2106,3,1,3
172.39735,-43.55322,5,1,1,0
172.18951,-43.56206,8.8975,0,1,3
172.25819,-43.60109,7.773,0,1,3
172.18689,-43.48919,5,1,1,0
171.87679,-43.58387,5,1,1,0
172.19582,-43.59182,12,3,2,1
172.40518,-43.55622,5,1,1,0
172.11269,-43.42229,8.6023,0,1,3
172.02536,-43.58649,9.2506,0,1,3
172.39915,-43.57545,9.0165,0,1,3
172.5643,-43.58332,5,1,1,0
172.4446,-43.64554,3,1,3,0
172.17377,-43.48917,5,1,1,0
172.11497,-43.40508,5,1,1,0
172.92096,-42.66803,5,1,0,0
171.89792,-43.60205,5,1,1,0
172.56999,-43.59243,5,1,1,0
172.32809,-43.54227,5,1,1,0
172.2997,-43.61117,5,1,1,0
172.45383,-43.62701,5,1,1,0
171.91078,-43.59276,5,1,1,0
171.86392,-43.582,5,1,1,0
172.1757,-43.46328,5,1,1,0
172.39517,-43.57084,5,1,1,0
172.32918,-43.60554,5,1,1,0
172.40323,-43.53659,5,1,1,0
171.87766,-43.57034,5,1,1,0
172.66093,-43.55935,4.929,1,1,0
172.43016,-43.63506,9.2268,0,1,3
172.37511,-43.61072,15.8436,2,0,1
171.80388,-43.56639,5,1,1,0
172.44502,-43.86618,5,1,1,0
172.41708,-43.60007,5,1,1,0
172.91292,-43.72765,27.9434,2,0,2
172.47261,-43.66306,15.0553,3,0,1
172.57051,-43.49605,5,1,1,0
172.4798,-43.6147,15.9299,2,0,1
172.158,-43.59053,5,1,1,0
172.08859,-43.50563,8.3821,0,1,3
172.12715,-43.43557,7.2584,0,1,3
171.7477,-43.59368,5,1,1,0
172.27101,-43.57436,5,1,1,0
171.92986,-43.54666,5,1,1,0
171.97569,-43.57244,5,1,1,0
172.15097,-43.61997,5,1,1,0
172.54558,-43.62925,5,1,1,0
172.48569,-43.6602,12,3,2,1
172.39507,-43.62534,7.92,0,1,3
172.18591,-43.6067,5,1,1,0
172.20935,-43.61684,5,1,1,0
172.20914,-43.59906,9.618,0,1,3
172.19395,-43.56443,5,1,1,0
172.09943,-43.62333,5,1,1,0
172.24159,-43.59413,12,3,2,1
172.24791,-43.6029,5,1,1,0
172.29297,-43.53806,5,1,1,0
171.92336,-43.56666,5,1,1,0
172.16536,-43.4789,5,1,1,0
172.37979,-43.62913,5,1,1,0
172.43182,-43.60438,12,3,2,1
172.60083,-43.63839,15.9383,2,0,1
172.15227,-43.55529,5,1,1,0
172.48991,-43.64071,18.5722,2,0,2
172.04903,-43.57963,5,1,1,0
172.15689,-43.5961,5,1,1,0
172.36021,-43.57542,16.6741,2,0,1
172.41273,-43.54794,8.6063,0,1,3
172.46519,-43.63283,7.0681,0,1,3
172.49834,-43.56888,14.2408,3,0,1
172.25143,-43.59861,5,1,1,0
172.42065,-43.61139,10.9045,3,0,1
172.39517,-43.62634,7.8504,0,1,3
172.42636,-43.53765,5,1,1,0
172.32295,-43.53723,5,1,1,0
171.97981,-43.52918,5,1,1,0
171.87242,-43.57865,5,1,1,0
172.35551,-43.56483,5,1,1,0
172.38394,-43.62205,5,1,1,0
171.90062,-43.58632,5,1,1,0
171.89754,-43.56614,5,1,1,0
172.369,-43.36597,5,1,1,0
172.33429,-43.60344,5,1,1,0
172.46672,-43.64834,15.2474,2,0,1
172.46904,-43.61364,19.0948,2,0,2
171.8849,-43.56703,5,1,1,0
172.44795,-43.64781,5,1,1,0
171.85738,-43.58034,5,1,1,0
172.44858,-43.54964,16.3618,2,0,1
171.90958,-43.55048,5,1,1,0
171.82098,-43.61896,5,1,1,0
172.39175,-43.56599,5,1,1,0
172.39388,-43.57048,5,1,1,0
172.16258,-43.5994,5.7774,1,1,0
172.53001,-43.63042,12.9389,3,0,1
172.02744,-43.54929,5,1,1,0
172.06958,-43.58489,5,1,1,0
172.17314,-43.58288,5,1,1,0
172.22935,-43.50145,5,1,1,0
172.50197,-43.64132,12,3,2,1
172.42299,-43.5951,5,1,1,0
172.39732,-43.57388,19.3633,2,0,2
172.15559,-43.60115,5.431,1,1,0
172.201,-43.56171,5,1,1,0
172.17635,-43.52084,5,1,1,0
172.18855,-43.65499,5,1,1,0
172.34285,-43.5825,13.8952,3,0,1
172.4039,-43.60889,5,1,1,0
172.52562,-43.59928,5,1,1,0
172.39592,-43.56036,9.6603,0,1,3
172.11481,-43.60616,5,1,1,0
171.86629,-43.56493,5,1,1,0
172.10933,-43.60774,5,1,1,0
172.23206,-43.61564,5,1,1,0
172.19318,-43.48565,5.5538,1,1,0
172.45683,-43.60006,18.7209,2,0,2
172.41464,-43.58524,14.7036,3,0,1
172.16406,-43.47106,7.5999,0,1,3
172.30074,-43.58726,5,1,1,0
172.44295,-43.55798,14.485,3,0,1
172.38646,-43.63077,5,1,1,0
172.34781,-43.57504,19.1408,2,0,2
172.18053,-43.4557,5,1,1,0
172.04706,-43.61198,5,1,1,0
172.42076,-43.61214,5,1,1,0
172.83081,-43.75861,26.2196,2,0,2
172.37593,-43.61444,5,1,1,0
172.41342,-43.55449,5,1,1,0
172.37607,-43.60088,12.9773,3,0,1
172.37816,-43.76894,5,1,1,0
172.37364,-43.55294,6.2605,1,1,0
172.29788,-43.57125,7.6674,0,1,3
172.30215,-43.57195,5,1,1,0
172.0471,-43.56956,5,1,1,0
172.45827,-43.61956,7.0916,0,1,3
172.4631,-43.71142,5,1,1,0
172.1114,-43.46975,6.9564,0,1,3
172.47069,-43.60836,6.0489,1,1,0
172.26645,-43.60717,20.942,2,0,2
171.96529,-43.34892,7.9245,0,1,3
172.20802,-43.55624,5,1,1,0
172.11165,-43.58689,5,1,1,0
171.73441,-43.77054,5,0,1,0
172.27533,-43.61346,19.6443,2,0,2
172.42596,-43.58495,14.919,3,0,1
172.3755,-43.5837,5,1,1,0
172.28476,-43.56617,16.6566,2,0,1
172.50002,-43.6132,5,1,1,0
172.22838,-43.61505,5,1,1,0
172.19688,-43.54294,5,1,1,0
172.38713,-43.55091,5,1,1,0
172.12589,-43.59884,5,1,1,0
172.28506,-43.57788,5,1,1,0
172.42647,-43.5812,5,1,1,0
172.18958,-43.49182,5,1,1,0
172.44913,-43.61486,5,1,1,0
172.01176,-43.27133,8.4995,0,1,3
172.19881,-43.55449,5,1,1,0
172.38155,-43.57401,9.6318,0,1,3
172.31198,-43.59667,9.1494,0,1,3
172.12959,-43.53102,5,1,1,0
172.24147,-43.61461,5,1,1,0
171.88324,-43.55173,5,1,1,0
172.36818,-43.61202,6.424,1,1,0
172.24759,-43.58943,5,1,1,0
172.14839,-43.6134,5,1,1,0
172.04109,-43.58376,5,1,1,0
171.90402,-43.55144,5,1,1,0
172.40196,-43.59403,5,1,1,0
172.42188,-43.58788,5,1,1,0
172.88257,-43.66441,23.9181,2,0,2
171.89786,-43.56095,5,1,1,0
172.2753,-43.5583,5,1,1,0
172.38753,-43.60191,5,1,1,0
172.14359,-43.60294,5,1,1,0
172.40274,-43.59506,5,1,1,0
171.88487,-43.58791,5,1,1,0
172.2773,-43.60794,5,1,1,0
172.40088,-43.61297,5,1,1,0
172.19154,-43.59987,5,1,1,0
172.20082,-43.60848,5,1,1,0
172.4821,-43.61829,7.7299,0,1,3
172.39104,-43.59973,5,1,1,0
171.87068,-43.6049,5,1,1,0
172.82095,-43.86544,22.4648,2,0,2
172.36554,-43.52806,5,1,1,0
172.35371,-43.57821,17.1143,2,0,1
172.69348,-43.57384,5,1,1,0
172.14952,-43.49202,9.2486,0,1,3
172.17818,-43.59241,5,1,1,0
172.28342,-43.54189,5,1,1,0
171.90781,-43.56168,5,1,1,0
172.39246,-43.64082,9.7135,0,1,3
172.37878,-43.7812,5,1,1,0
172.30576,-43.61341,14.8539,3,0,1
172.39781,-43.61494,5,1,1,0
172.39145,-43.57417,7.1101,0,1,3
172.45093,-43.65061,12,3,2,1
172.39542,-43.55092,5,1,1,0
172.13309,-43.60902,5,1,1,0
171.94533,-43.5677,5,1,1,0
172.25551,-43.6147,5,1,1,0
172.15381,-43.60437,5,1,1,0
172.23396,-43.61772,5,1,1,0
172.37535,-43.76675,5,1,1,0
172.49957,-43.60468,5,1,1,0
172.43752,-43.58867,5,1,1,0
172.35016,-43.59142,5,1,1,0
171.87512,-43.53609,10.3699,3,1,3
172.37404,-43.64511,5,1,1,0
171.87703,-43.56743,5,1,1,0
172.4666,-43.62654,5,1,1,0
172.29915,-43.55391,5,1,1,0
172.56152,-43.59312,5,1,1,0
172.94386,-43.63733,24.0275,2,0,2
172.33482,-43.59412,5,1,1,0
172.16501,-43.53239,5,1,1,0
172.38385,-43.55626,6.8983,0,1,3
172.42052,-43.77138,12,3,2,1
172.39449,-43.54493,6.5023,1,1,0
172.47794,-43.64327,15.2108,2,0,1
172.67303,-43.57917,7.1107,1,1,3
172.18887,-43.50059,7.5032,0,1,3
172.12115,-43.45336,6.6135,1,1,0
172.4404,-43.63146,3,1,3,0
172.38864,-43.57585,8.2252,0,1,3
171.88762,-43.56807,5,1,1,0
172.41855,-43.53515,5,1,1,0
172.39322,-43.57403,7.4165,0,1,3
172.09653,-43.46101,5,1,1,0
172.26021,-43.59931,5,1,1,0
172.3998,-43.57139,6.2128,1,1,0
172.46059,-43.58968,14.0138,3,0,1
172.36633,-43.5834,10.0723,0,1,3
172.04359,-43.56594,9.0715,0,1,3
172.17012,-43.46537,5,1,1,0
172.16145,-43.50161,9.7578,0,1,3
172.64915,-43.58346,6.078,1,1,0
172.38098,-43.6125,5,1,1,0
172.47571,-43.61874,16.1349,2,0,1
172.38747,-43.56513,5,1,1,0
172.3315,-43.56565,5,1,1,0
172.31042,-43.52449,5,1,1,0
172.00278,-43.57765,6.8878,1,1,3
172.49524,-43.60741,6.649,0,1,0
172.26271,-43.59704,12,3,2,1
172.39319,-43.56929,6.7932,0,1,3
172.46793,-43.63734,5,1,1,0
171.95773,-43.5501,5,1,1,0
172.19104,-43.54332,7.0821,0,1,3
172.20531,-43.62746,5,1,1,0
172.21326,-43.61948,9.0207,0,1,3
172.09665,-43.5825,7.8965,0,1,3
172.10683,-43.59902,5,1,1,0
172.33688,-43.53892,5,1,1,0
172.15645,-43.46714,5,1,1,0
172.26711,-43.55383,12.63,3,0,1
172.3335,-43.61541,5,1,1,0
172.38478,-43.59322,5,1,1,0
172.4126,-43.60536,5,1,1,0
172.40802,-43.53983,13.0606,3,0,1
172.49736,-43.62455,8.7457,0,1,3
172.18503,-43.50525,5,1,1,0
172.98987,-43.6112,12,3,2,1
171.99261,-43.5745,5,1,1,0
172.30537,-43.55682,5,1,1,0
172.46812,-43.63958,5,1,1,0
172.53535,-43.53394,15.7226,3,0,1
172.50269,-43.51495,5,1,1,0
172.42325,-43.59815,5,1,1,0
172.4957,-43.59906,5,1,1,0
172.36969,-43.5812,5,1,1,0
171.87251,-43.5766,5,1,1,0
171.65346,-43.88177,12,0,0,1
172.38025,-43.57814,5,1,1,0
172.33516,-43.59112,5,1,1,0
172.18069,-43.4799,5,1,1,0
172.35657,-43.59095,5,1,1,0
171.95438,-43.35443,7.4917,0,1,3
172.57835,-43.57869,5.0506,1,1,0
172.133,-43.47799,6.8379,0,1,3
172.30647,-43.55345,5,1,1,0
172.35527,-43.61859,5,1,1,0
172.1118,-43.59457,5,1,1,0
172.22784,-43.6188,5,1,1,0
172.49295,-43.56075,12,3,2,1
172.22469,-43.60644,5,1,1,0
172.17447,-43.57475,5,1,1,0
172.08458,-43.216,9.0667,0,1,3
172.17752,-43.54124,5,1,1,0
172.19676,-43.50757,5,1,1,0
171.85202,-43.59491,5,1,1,0
172.31749,-43.60983,5,1,1,0
172.33859,-43.60133,5,1,1,0
172.29428,-43.55092,5,1,1,0
172.3448,-43.62265,5,1,1,0
172.33304,-43.59686,5,1,1,0
172.03447,-43.58659,5,1,1,0
172.3725,-43.56456,5,1,1,0
172.41458,-43.56293,12,3,2,1
172.14763,-43.56826,7.9247,0,1,3
172.15034,-43.57677,5,1,1,0
171.84886,-43.57505,3,1,3,0
172.39481,-43.62651,3,1,3,0
172.39507,-43.57508,5,1,1,0
172.6622,-43.57367,3,1,3,0
172.38486,-43.58469,5,1,1,0
172.11856,-43.45403,7.1995,0,1,3
172.24086,-43.62049,5,1,1,0
172.32352,-43.53868,3,1,3,0
172.07706,-43.61517,5,1,1,0
172.38109,-43.56168,9.171,0,1,3
172.56412,-43.59452,5,1,1,0
172.26601,-43.61177,12,3,2,1
172.45908,-43.62922,5,1,1,0
172.48172,-43.61261,5,1,1,0
172.16583,-43.60833,5,1,1,0
172.37575,-43.61265,5,1,1,0
172.23958,-43.61019,5,1,1,0
172.44029,-43.58924,8.4762,0,1,3
172.026,-43.50193,5,1,1,0
172.29802,-43.56603,5,1,1,0
172.02829,-43.22586,10.7533,0,0,1
172.34604,-43.61364,5,1,1,0
172.38087,-43.55815,5,1,1,0
172.39529,-43.62675,5,1,1,0
172.3708,-43.56452,5,1,1,0
171.88094,-43.57714,5,1,1,0
171.91875,-43.57597,5,1,1,0
171.9534,-43.34408,8.0204,0,1,3
172.38097,-43.57735,5,1,1,0
172.40648,-43.5879,7.78,0,1,3
172.17224,-43.51442,7.457,0,1,3
172.40244,-43.5817,9.3976,0,1,3
172.17654,-43.46315,5,1,1,0
172.29819,-43.55138,6.9107,0,1,3
172.38754,-43.56694,5,1,1,0
172.35855,-43.57609,5.4783,1,1,0
172.30402,-43.55276,5,1,1,0
172.62117,-43.58611,5,1,1,0
172.36925,-43.57579,5,1,1,0
172.40247,-43.62541,5,1,1,0
172.33493,-43.59781,9.9226,0,1,3
172.43365,-43.63242,2,1,0,0
171.92949,-43.5354,8.9206,3,1,3
172.2028,-43.50204,5,1,1,0
172.15636,-43.49944,8.747,0,1,3
172.52365,-43.62933,2,1,0,0
172.37704,-43.61968,5,1,1,0
172.27402,-43.61967,5,1,1,0
172.33676,-43.59604,9.3211,0,1,3
171.90883,-43.55633,7.2461,1,1,3
172.38734,-43.57159,7.6512,0,1,3
172.3891,-43.6266,8.8261,0,1,3
172.33961,-43.5834,5,1,1,0
172.08224,-43.20288,10.2134,1,1,3
172.19592,-43.5461,5,1,1,0
172.48407,-43.65877,12,3,2,1
171.86237,-43.58212,5,1,1,0
172.07811,-43.58074,5,1,1,0
172.18301,-43.58295,5,1,1,0
172.46695,-43.62318,5,1,1,0
171.90863,-43.55025,15.2329,3,0,1
172.02562,-43.27037,7.6834,0,1,3
172.31789,-43.5643,5,1,1,0
172.18405,-43.47341,7.455,0,1,3
172.3022,-43.5644,5,1,1,0
171.65334,-43.83992,12,0,2,1
172.45744,-43.62989,5,1,1,0
172.39642,-43.57344,7.335,0,1,3
172.42346,-43.52697,5.8195,1,1,0
172.38847,-43.63843,5,1,1,0
172.4978,-43.62374,9.0613,0,1,3
172.42442,-43.53585,6.6981,0,1,3
172.16104,-43.59375,12,3,2,1
172.16888,-43.44161,5,1,1,0
172.16948,-43.47509,5,1,1,0
172.41141,-43.5659,13.2592,3,0,1
171.84039,-43.56256,5,1,1,0
172.35878,-43.59078,9.6675,0,1,3
171.7966,-43.53187,17.5841,3,0,1
172.37988,-43.56258,8.7908,0,1,3
172.43257,-43.60915,5,1,1,0
172.35378,-43.50537,5,1,1,0
172.44215,-43.59227,5,1,1,0
172.1667,-43.56281,5,1,1,0
172.39671,-43.63237,9.005,0,1,3
172.14153,-43.60456,5,1,1,0
172.47815,-43.61757,8.6471,0,1,3
172.1348,-43.5653,12,3,2,1
172.42503,-43.63413,5,1,1,0
172.3913,-43.56915,5,1,1,0
172.39267,-43.59841,5,1,1,0
172.17696,-43.49127,5,1,1,0
172.16106,-43.44758,5,1,1,0
172.27371,-43.59869,7.2595,0,1,3
172.27338,-43.60501,6.633,1,1,0
172.1353,-43.46915,5,1,1,0
172.17166,-43.47528,5,1,1,0
172.47902,-43.80633,12,3,2,1
172.41734,-43.59509,5,1,1,0
172.35883,-43.58182,5,1,1,0
172.32594,-43.65655,5,1,1,0
172.16206,-43.54942,5,1,1,0
172.59196,-43.57818,5,1,1,0
172.38762,-43.56606,7.0548,0,1,3
172.19849,-43.55531,5,1,1,0
172.40543,-43.6092,5,1,1,0
172.44014,-43.65013,5,1,1,0
172.3065,-43.57261,5,1,1,0
172.22911,-43.61433,5,1,1,0
172.39284,-43.62617,5,1,1,0
172.08881,-43.58275,8.4086,0,1,3
172.15355,-43.57856,5,1,1,0
172.07809,-43.57996,8.2699,0,1,3
172.08081,-43.57961,5,1,1,0
172.17097,-43.49086,5,1,1,0
171.92194,-43.53959,8.6775,0,1,3
172.35944,-43.58512,5,1,1,0
172.35933,-43.56293,5,1,1,0
172.1801,-43.64826,5,1,1,0
172.3764,-43.59843,5,1,1,0
172.32449,-43.54898,5,1,1,0
172.35904,-43.74621,5,1,1,0
172.05385,-43.56419,9.2431,0,1,3
172.37518,-43.56979,5,1,1,0
172.38976,-43.55208,5,1,1,0
171.87099,-43.56084,5,1,1,0
172.42496,-43.8281,5,1,1,0
172.19362,-43.63749,5,1,1,0
172.35579,-43.58532,5,1,1,0
172.15752,-43.58369,5,1,1,0
172.54898,-43.57774,5,1,1,0
172.30423,-43.59867,5,1,1,0
172.27489,-43.59331,5,1,1,0
171.95105,-43.53613,5,1,1,0
172.2244,-43.61081,5,1,1,0
172.5217,-43.57969,9.6734,3,1,3
172.4472,-43.64401,5,1,1,0
172.4299,-43.65896,5,1,1,0
172.41212,-43.54744,8.7625,0,1,3
172.37511,-43.60305,5,1,1,0
172.46161,-43.63757,5,1,1,0
172.21355,-43.63202,5,1,1,0
172.18156,-43.59454,5,1,1,0
172.41209,-43.61732,5,1,1,0
171.8465,-43.5782,5,1,1,0
172.26074,-43.63174,5,1,1,0
171.88319,-43.56139,5,1,1,0
172.45328,-43.64479,12.9438,3,0,1
171.90024,-43.60568,5,1,1,0
172.49696,-43.62751,9.0591,0,1,3
172.45634,-43.6311,5,1,1,0
172.35147,-43.64045,5,1,1,0
172.32814,-43.60479,5,1,1,0
172.49805,-43.6258,9.1425,0,1,3
172.485,-43.55625,12,3,2,1
172.53197,-43.53948,12,3,2,1
172.45738,-43.63943,5,1,1,0
172.48138,-43.51874,5,1,1,0
172.4292,-43.56901,8.4468,0,1,3
172.36449,-43.59921,5,1,1,0
172.14981,-43.42074,10,0,1,3
172.47485,-43.62035,6.9201,0,1,3
172.498,-43.59786,5,1,1,0
172.39522,-43.57157,6.0473,1,1,0
171.56946,-43.61909,5,1,1,0
172.35593,-43.62946,5,1,1,0
172.51579,-43.4173,5,1,1,0
172.19493,-43.6149,5,1,1,0
172.37746,-43.60158,5,1,1,0
171.85405,-43.58238,5,1,1,0
172.29817,-43.56733,5,1,1,0
172.32872,-43.67005,5,1,1,0
172.33214,-43.55766,5,1,1,0
172.34721,-43.65412,5,1,1,0
172.26155,-43.60505,9.4105,0,1,3
172.1581,-43.44985,7.742,0,1,3
171.93126,-43.5384,7.5261,1,1,3
172.21042,-43.57071,5,1,1,0
172.18767,-43.52143,5,1,1,0
172.07016,-43.60709,5,1,1,0
172.44733,-43.6378,5,1,1,0
172.18951,-43.57847,5,1,1,0
172.18526,-43.60326,5,1,1,0
171.8772,-43.56657,5,1,1,0
172.37022,-43.60397,5,1,1,0
172.28075,-43.58571,5.6572,1,1,0
171.85123,-43.57046,5,1,1,0
172.24307,-43.61726,5,1,1,0
172.17218,-43.51115,5,1,1,0
171.8531,-43.57262,5,1,1,0
172.17561,-43.57375,5,1,1,0
172.19368,-43.53574,7.9586,0,1,3
172.48433,-43.58327,5,1,1,0
172.34843,-43.60033,9.3978,0,1,3
172.33147,-43.60471,5,1,1,0
172.16214,-43.61901,5,1,1,0
172.39027,-43.54884,5,1,1,0
172.17883,-43.50536,6.8558,0,1,3
172.32176,-43.59968,5,1,1,0
172.39421,-43.55883,7.568,0,1,3
171.9064,-43.5463,5,1,1,0
171.87938,-43.54496,12,3,2,1
172.14194,-43.47785,7.6223,0,1,3
172.15305,-43.62008,5,1,1,0
171.88925,-43.56961,5,1,1,0
172.34897,-43.60279,9.5349,0,1,3
172.12801,-43.49496,9.1796,0,1,3
172.45108,-43.53805,10.1353,0,1,3
172.17029,-43.51118,6.6737,1,1,0
172.07314,-43.25839,5,1,1,0
172.48137,-43.62645,8.632,0,1,3
172.48387,-43.62374,8.2178,0,1,3
172.21593,-43.61125,5,1,1,0
172.39426,-43.60819,5,1,1,0
172.47899,-43.61845,8.742,0,1,3
172.46935,-43.62819,5,1,1,0
172.59026,-43.59346,5,1,1,0
172.45834,-43.62963,5,1,1,0
172.46422,-43.63302,5,1,1,0
171.85426,-43.57585,5,1,1,0
171.93001,-43.5296,7.8975,0,1,3
172.46555,-43.64244,8.2459,0,1,3
172.35657,-43.61292,5,1,1,0
172.07413,-43.25967,5,1,1,0
172.47992,-43.61401,7.5951,0,1,3
172.37866,-43.5504,12,3,2,1
172.60747,-43.46014,12,3,2,1
172.0336,-43.59846,5,1,1,0
172.16248,-43.58556,5,1,1,0
172.3286,-43.63504,5,1,1,0
172.61177,-43.58517,5,1,1,0
172.39891,-43.60594,5,1,1,0
172.27682,-43.60852,5,1,1,0
172.18987,-43.5019,5,1,1,0
172.4736,-43.61683,5,1,1,0
172.4613,-43.62231,5,1,1,0
172.96971,-42.90626,5,1,0,0
172.41093,-43.55717,8.2382,0,1,3
171.93867,-43.56347,5,1,1,0
172.4621,-43.6298,5,1,1,0
172.22017,-43.60986,5,1,1,0
172.40694,-43.55934,4.6802,1,1,0
172.42586,-43.53765,6.5567,0,1,0
172.39491,-43.56367,5,1,1,0
172.40858,-43.55372,5,1,1,0
172.36629,-43.5837,5,1,1,0
171.93776,-43.51758,7.478,1,1,3
172.24968,-43.62548,5,1,1,0
172.16298,-43.44667,7.1603,1,1,3
172.38347,-43.55823,5,1,1,0
172.4892,-43.61357,6.9095,0,1,3
172.49135,-43.61224,6.933,0,1,3
172.10173,-43.58943,6.8519,0,1,3
172.45111,-43.62557,5,1,1,0
172.35307,-43.58906,5,1,1,0
171.94205,-43.53455,5,1,1,0
172.39388,-43.59793,5,1,1,0
172.33778,-43.60038,5,1,1,0
172.50549,-43.42126,5,1,1,0
172.43581,-43.56532,5,1,1,0
172.09711,-43.48542,5,1,1,0
172.35104,-43.59518,5,1,1,0
172.30652,-43.55874,10.0898,0,1,3
172.00359,-43.27063,5,1,1,0
172.27298,-43.6067,5,1,1,0
172.007,-43.25029,5,1,1,0
172.39322,-43.58363,8.9491,0,1,3
172.16483,-43.43381,5,1,1,0
172.30659,-43.57426,5,1,1,0
172.37366,-43.59018,5,1,1,0
172.36176,-43.60196,5,1,1,0
172.48112,-43.61628,7.7505,0,1,3
172.38734,-43.62596,5,1,1,0
172.1209,-43.50688,5,1,1,0
172.29959,-43.50623,5,1,1,0
172.31252,-43.63754,5,1,1,0
172.29794,-43.55166,5,1,1,0
172.3093,-43.62194,5,1,1,0
171.87732,-43.59752,5,1,1,0
171.97961,-43.49771,12,0,2,1
172.05991,-43.57386,5,1,1,0
172.32832,-43.6048,5,1,1,0
172.07515,-43.3821,7.4994,0,1,3
172.55362,-43.58834,5,1,1,0
172.16005,-43.58693,5,1,1,0
172.46828,-43.61269,5,1,1,0
172.46313,-43.63152,5,1,1,0
172.42741,-43.53995,7.7827,0,1,3
172.42789,-43.53702,8.12,0,1,3
172.29254,-43.55919,5,1,1,0
172.40166,-43.55009,11.6303,3,2,1
172.35756,-43.59536,10.9419,3,0,1
171.93425,-43.54845,5,1,1,0
172.40237,-43.55805,5,1,1,0
172.43439,-43.53542,7.9818,0,1,3
172.3701,-43.57035,5,1,1,0
172.51671,-43.46249,5,1,1,0
172.5439,-43.59127,5,1,1,0
172.37025,-43.59906,5,1,1,0
172.17435,-43.61348,5,1,1,0
172.09468,-43.59772,5,1,1,0
172.36382,-43.74562,5,1,1,0
172.18587,-43.56147,5,1,1,0
172.59123,-43.46101,5,1,1,0
172.07632,-43.46775,5,1,1,0
172.16394,-43.45958,6.8197,1,1,3
172.16057,-43.45932,6.6793,1,1,0
172.23381,-43.60684,12,3,2,1
172.17955,-43.45948,5,1,1,0
172.39008,-43.55629,5,1,1,0
172.22012,-43.59514,5,1,1,0
172.64815,-43.57431,7.1115,1,1,3
172.37079,-43.61642,5,1,1,0
172.38541,-43.62434,5,1,1,0
172.43193,-43.55662,5,1,1,0
172.16553,-43.528,5,1,1,0
172.33487,-43.62828,5,1,1,0
172.13687,-43.47448,5,1,1,0
172.20276,-43.58467,5,1,1,0
172.08215,-43.60114,5,1,1,0
172.36768,-43.59379,5,1,1,0
172.17738,-43.5192,5,1,1,0
171.88565,-43.56315,5,1,1,0
172.674,-43.40966,5,1,1,0
172.37161,-43.56417,5,1,1,0
172.19157,-43.55822,5,1,1,0
172.16533,-43.49281,5.9346,1,1,0
172.34499,-43.58444,5,1,1,0
172.35393,-43.62042,5,1,1,0
171.83939,-43.56678,7.0057,1,1,3
172.60654,-43.5894,5.7216,1,1,0
172.49506,-43.60651,5,1,1,0
172.34485,-43.59789,5,1,1,0
172.40599,-43.59257,7.3115,0,1,3
172.29401,-43.603,5,1,1,0
172.39372,-43.58726,9.6229,0,1,3
172.10677,-43.59515,5,1,1,0
172.16231,-43.43963,5,1,1,0
172.0457,-43.62429,5,1,1,0
172.39,-43.58281,9.0351,0,1,3
172.0871,-43.60051,6.0387,1,1,0
172.61472,-43.59496,5,1,1,0
172.33597,-43.64905,5,1,1,0
172.47676,-43.61751,7.0601,0,1,3
172.46677,-43.54853,5,1,1,0
171.87814,-43.55125,5,1,1,0
172.35757,-43.58402,5,1,1,0
172.15234,-43.52889,5,1,1,0
172.35213,-43.58258,5,1,1,0
172.36195,-43.58491,5,1,1,0
172.37376,-43.59134,5,1,1,0
172.44974,-43.62254,5,1,1,0
172.13553,-43.47467,5,1,1,0
172.16208,-43.46151,5,1,1,0
172.27354,-43.61847,5,1,1,0
172.2431,-43.59991,9.2061,0,1,3
172.4619,-43.6222,5,1,1,0
172.2516,-43.60983,5,1,1,0
171.88235,-43.54019,5,1,1,0
172.33055,-43.63223,5,1,1,0
172.04433,-43.60889,5,1,1,0
172.41618,-43.62925,5,1,1,0
171.86592,-43.57967,5,1,1,0
171.85347,-43.58656,5,1,1,0
171.8831,-43.5495,5,1,1,0
172.30832,-43.59583,8.5156,0,1,3
172.38008,-43.61782,5,1,1,0
172.45557,-43.63326,5,1,1,0
172.4782,-43.61762,5,1,1,0
172.31462,-43.61803,5,1,1,0
172.17157,-43.58335,5,1,1,0
172.45802,-43.6323,5,1,1,0
172.03784,-43.31122,5,1,1,0
172.39255,-43.57683,5,1,1,0
172.20047,-43.53191,9.381,0,1,3
172.31503,-43.58987,5,1,1,0
172.30977,-43.58626,6.7405,0,1,3
171.914,-43.57205,5,1,1,0
172.19354,-43.54312,5,1,1,0
172.38112,-43.58043,5,1,1,0
172.26878,-43.61911,5,1,1,0
172.45067,-43.63298,5,1,1,0
172.38408,-43.5793,5,1,1,0
172.26688,-43.58791,5,1,1,0
172.16734,-43.45999,5,1,1,0
172.60173,-43.59192,5,1,1,0
172.36566,-43.58527,5,1,1,0
172.29489,-43.57388,5,1,1,0
171.84435,-43.58808,5,1,1,0
172.39087,-43.55341,5,1,1,0
172.39885,-43.62668,12,3,2,1
172.01338,-43.5661,5,1,1,0
171.84839,-43.59161,5,1,1,0
172.3709,-43.59464,5,1,1,0
172.27895,-43.57742,5,1,1,0
172.45151,-43.63843,5,1,1,0
172.35631,-43.59219,5,1,1,0
172.09117,-43.46286,5,1,1,0
171.98991,-43.55344,5,1,1,0
172.41188,-43.57209,5,1,1,0
172.49181,-43.60254,5,1,1,0
172.33878,-43.43254,5,1,1,0
172.37457,-43.57877,5,1,1,0
172.41791,-43.61681,5,1,1,0
172.18204,-43.50587,5,1,1,0
172.46747,-43.63481,5,1,1,0
172.37538,-43.5684,5,1,1,0
172.38916,-43.58305,5,1,1,0
172.36557,-43.65638,5,1,1,0
172.394,-43.56394,5,1,1,0
172.13557,-43.57526,6.3708,1,1,0
172.12291,-43.59602,5,1,1,0
172.38194,-43.5721,5,1,1,0
172.37573,-43.7826,5,1,1,0
172.00763,-43.26411,8.4206,0,1,3
172.45961,-43.63984,5,1,1,0
172.58022,-43.55917,5,1,1,0
172.00461,-43.26491,8.5626,0,1,3
172.0054,-43.26432,8.8904,0,1,3
172.34857,-43.5831,5,1,1,0
172.39632,-43.57876,5,1,1,0
172.40997,-43.65213,5,1,1,0
172.45316,-43.63129,5,1,1,0
172.24532,-43.63742,5,1,1,0
172.04872,-43.61277,5,1,1,0
172.15996,-43.46024,7.7606,0,1,3
172.44266,-43.86072,5,1,1,0
172.14085,-43.44785,5,1,1,0
172.14418,-43.61944,5,1,1,0
172.35724,-43.58942,5,1,1,0
172.48331,-43.52751,5,1,1,0
172.41649,-43.62866,5,1,1,0
172.15854,-43.61832,5,1,1,0
172.32059,-43.62448,5,1,1,0
172.47028,-43.62929,5,1,1,0
172.24298,-43.6093,5,1,1,0
172.68719,-43.55576,6.1689,1,1,0
172.13937,-43.61291,5,1,1,0
172.23141,-43.60585,5,1,1,0
172.1454,-43.62285,5,1,1,0
171.95616,-43.54857,5,1,1,0
172.46646,-43.61758,5,1,1,0
172.35774,-43.60247,5,1,1,0
172.1658,-43.64011,5,1,1,0
172.3085,-43.6241,5,1,1,0
172.29468,-43.60185,5,1,1,0
172.39018,-43.55953,8.4387,0,1,3
172.36852,-43.57121,5,1,1,0
172.36792,-43.56709,5,1,1,0
171.90048,-43.54502,5,1,1,0
172.20648,-43.38461,5,1,1,0
172.24184,-43.60944,5,1,1,0
172.6306,-43.58343,6.0266,1,1,0
172.35252,-43.61927,5,1,1,0
171.88185,-43.56099,5,1,1,0
172.11652,-43.45108,5,1,1,0
172.38268,-43.56874,5,1,1,0
172.32814,-43.60268,5,1,1,0
172.4731,-43.6343,5,1,1,0
171.8623,-43.59724,5,1,1,0
172.37595,-43.60579,5,1,1,0
172.34798,-43.43252,5,1,1,0
172.12094,-43.38533,5,1,1,0
172.48996,-43.58127,5,1,1,0
172.29309,-43.58316,5,1,1,0
172.50867,-43.60293,5,1,1,0
172.13049,-43.50592,5,1,1,0
172.12785,-43.40109,5,1,1,0
172.34048,-43.60065,5,1,1,0
172.29361,-43.58832,12,3,2,1
172.34599,-43.57858,5,1,1,0
172.36163,-43.60214,5,1,1,0
172.17516,-43.58344,5,1,1,0
172.15723,-43.59133,5,1,1,0
172.1288,-43.37527,5,1,1,0
172.33885,-43.59803,5,1,1,0
172.418,-43.67034,5,1,1,0
171.85551,-43.57745,5,1,1,0
172.08833,-43.0116,5,1,1,0
172.07597,-43.01402,5,1,1,0
171.67024,-43.55387,5,1,1,0
172.17827,-43.45279,5,1,1,0
172.22893,-43.6366,5,1,1,0
171.80713,-43.55483,5,1,1,0
172.15587,-43.48024,5,1,1,0
172.47896,-43.61874,6.209,0,1,0
172.42816,-43.54459,9.557,0,1,3
172.16827,-43.51386,6.4519,1,1,0
172.23137,-43.62307,5,1,1,0
172.32515,-43.63478,5,1,1,0
172.64479,-43.59056,5,1,1,0
172.38962,-43.61207,5,1,1,0
172.55417,-43.61635,5,1,1,0
171.68874,-43.58343,5,1,1,0
172.29799,-43.61482,5,1,1,0
172.15456,-43.47282,5,1,1,0
172.2803,-43.57175,5,1,1,0
172.28616,-43.58291,5,1,1,0
172.28795,-43.60438,5,1,1,0
172.52342,-43.62106,5,1,1,0
172.31859,-43.61629,5,1,1,0
172.30707,-43.61229,5,1,1,0
172.2095,-43.58003,5,1,1,0
172.33702,-43.65303,5,1,1,0
172.28618,-43.5646,5,1,1,0
172.40398,-43.60469,5,1,1,0
171.75439,-43.60357,5,1,1,0
172.62433,-43.62214,2,1,0,0
172.14426,-43.58683,5,1,1,0
172.12025,-43.48816,5,1,1,0
172.24283,-43.576,5,1,1,0
172.43501,-43.60848,16.0175,2,0,1
171.67715,-43.5718,5,1,1,0
172.53241,-43.40732,5,1,1,0
172.45367,-43.62066,2,1,0,0
172.77802,-43.76042,19.1838,2,0,2
172.06448,-43.61066,5,1,1,0
172.41925,-43.61833,5,1,1,0
172.37112,-43.58187,5,1,1,0
171.87016,-43.55201,5,1,1,0
172.59874,-43.5612,8.1079,1,1,3
172.07797,-43.60486,5,1,1,0
172.35147,-43.65432,5,1,1,0
171.82246,-43.59976,2,1,0,0
172.33563,-43.61592,5,1,1,0
172.21608,-43.61236,5,1,1,0
172.39462,-43.61813,7.1391,0,1,3
172.63127,-43.58485,5,1,1,0
172.34381,-43.58229,5,1,1,0
172.35664,-43.58657,5,1,1,0
172.45268,-43.64052,5,1,1,0
172.40022,-43.62911,8.8007,0,1,3
172.4073,-43.61613,5,1,1,0
172.0397,-43.61446,5,1,1,0
171.9431,-43.54206,7.357,1,1,3
171.92038,-43.56189,5,1,1,0
172.37782,-43.55983,5,1,1,0
172.20035,-43.62238,5,1,1,0
172.40208,-43.54152,6.0003,1,1,0
172.40344,-43.53078,5,1,1,0
172.1993,-43.53154,5,1,1,0
172.37238,-43.61102,5,1,1,0
172.32176,-43.60974,5,1,1,0
172.37093,-43.62535,5,1,1,0
172.2261,-43.60348,5,1,1,0
172.38351,-43.62695,5,1,1,0
172.05664,-43.5988,5,1,1,0
172.41684,-43.60736,8.3602,0,1,3
172.60773,-43.5925,5,1,1,0
172.4769,-43.61327,6.7767,0,1,3
172.39984,-43.61047,5,1,1,0
172.37245,-43.65516,5,1,1,0
172.14505,-43.55206,5,1,1,0
172.06377,-43.59909,5,1,1,0
172.34062,-43.6218,5,1,1,0
172.35472,-43.60522,5,1,1,0
172.05687,-43.58107,5,1,1,0
172.61555,-43.44803,7.9293,1,1,3
171.90363,-43.55626,5,1,1,0
172.42549,-43.56877,5,1,1,0
172.15988,-43.59753,5,1,1,0
172.16982,-43.50904,5,1,1,0
171.92244,-43.54157,5,1,1,0
172.4102,-43.58722,5,1,1,0
171.94217,-43.57075,5,1,1,0
172.40239,-43.61841,5,1,1,0
172.41658,-43.5514,5,1,1,0
171.97882,-43.52352,5,1,1,0
171.84921,-43.57239,5,1,1,0
172.36049,-43.56446,5,1,1,0
172.40985,-43.63206,5,1,1,0
172.3652,-43.6778,5,1,1,0
171.35031,-42.89363,5,1,0,0
172.42474,-43.58749,5,1,1,0
171.74252,-43.54914,5,1,1,0
172.36649,-43.60217,5,1,1,0
171.9458,-43.54522,5,1,1,0
172.31793,-43.55196,5,1,1,0
172.44571,-43.64908,5,1,1,0
172.44482,-43.64883,5,1,1,0
172.18311,-43.60007,5,1,1,0
172.17166,-43.46267,5,1,1,0
172.19435,-43.57332,5,1,1,0
171.89041,-43.5753,5,1,1,0
172.18938,-43.5593,5,1,1,0
172.37755,-43.57727,5,1,1,0
172.3286,-43.61222,5,1,1,0
172.17378,-43.44665,6.3681,1,1,0
172.27264,-43.59252,5,1,1,0
172.61594,-43.43911,5,1,1,0
172.46858,-43.6232,5,1,1,0
172.56197,-43.46947,5,1,1,0
172.03421,-43.59301,5,1,1,0
172.11731,-43.59457,5,1,1,0
172.14709,-43.47636,5,1,1,0
171.89577,-43.54804,5,1,1,0
172.38982,-43.57693,7.7874,0,1,3
172.40062,-43.57546,5,1,1,0
172.44948,-43.63254,5,1,1,0
172.60368,-43.59851,5,1,1,0
172.60686,-43.58828,5,1,1,0
172.38565,-43.56565,6.1694,1,1,0
172.03656,-43.58175,5,1,1,0
172.08792,-43.6065,5,1,1,0
172.36063,-43.56276,6.6041,0,1,0
172.04861,-43.58118,5,1,1,0
172.36583,-43.55764,5,1,1,0
172.15039,-43.47844,5.6388,1,1,0
172.14888,-43.48023,5,1,1,0
172.17917,-43.51057,5,1,1,0
172.17177,-43.60196,5,1,1,0
172.465,-43.43431,5,1,1,0
172.40266,-43.61818,11.1127,3,0,1
172.16031,-43.4687,5,1,1,0
172.47144,-43.60862,5,1,1,0
172.12015,-43.38378,6.0371,1,1,0
172.5773,-43.47338,9.1891,0,1,3
172.41937,-43.62467,5,1,1,0
172.60991,-43.45342,9.4839,0,1,3
172.40041,-43.60972,5,1,1,0
172.31439,-43.6285,14.7555,3,0,1
172.18057,-43.51091,8.8,0,1,3
172.0798,-43.39585,8.8624,0,1,3
172.46272,-43.63993,5,1,1,0
171.9256,-43.53992,5,1,1,0
172.23547,-43.60591,5,1,1,0
172.02209,-43.22447,6.9942,1,1,3
172.41095,-43.59651,5,1,1,0
172.46606,-43.58541,12.6086,3,2,1
172.2001,-43.51902,5,1,1,0
171.82248,-43.24113,5,0,1,0
172.35638,-43.60751,5,1,1,0
172.3819,-43.57519,5,1,1,0
172.06372,-43.57298,5,1,1,0
172.45242,-43.64118,5,1,1,0
172.32797,-43.56215,5,1,1,0
172.40834,-43.66,12,3,2,1
172.17125,-43.52371,5,1,1,0
172.30994,-43.55498,5,1,1,0
172.42758,-43.56485,8.9834,0,1,3
171.8463,-43.59252,5,1,1,0
172.39313,-43.6228,5,1,1,0
172.22633,-43.61706,5,1,1,0
172.36505,-43.70743,5,1,1,0
172.42552,-43.55859,8.7206,0,1,3
172.27309,-43.60355,6.9799,0,1,3
171.87547,-43.56699,5,1,1,0
172.39595,-43.62634,7.6347,0,1,3
172.33122,-43.55257,5,1,1,0
172.37651,-43.60569,5,1,1,0
172.83455,-43.74408,29.0673,2,0,2
172.50368,-43.59668,6.5739,0,1,0
172.47917,-43.5404,5,1,1,0
172.18378,-43.60503,5,1,1,0
172.13564,-43.4849,5,1,1,0
171.80406,-43.57917,5,1,1,0
172.10294,-43.47908,5.9755,1,1,0
172.52022,-43.59823,5,1,1,0
172.43283,-43.55752,8.3291,0,1,3
172.34886,-43.60978,5,1,1,0
171.88383,-43.55124,12,3,2,1
171.87811,-43.58178,5,1,1,0
172.03568,-43.61163,5,1,1,0
172.45236,-43.59544,18.1658,2,0,2
171.90341,-43.5639,12,3,2,1
172.2027,-43.48444,5,1,1,0
172.24266,-43.6147,5,1,1,0
172.15848,-43.60218,5,1,1,0
172.40497,-43.58224,11.0779,3,0,1
171.85266,-43.57077,5,1,1,0
172.08025,-43.33798,8.5872,0,1,3
171.90302,-43.53496,12,3,2,1
172.11346,-43.59543,5,1,1,0
172.07861,-43.45521,12,0,2,1
172.36493,-43.50393,5,1,1,0
172.29889,-43.59831,5,1,1,0
172.39932,-43.58043,8.5614,0,1,3
172.15131,-43.47707,5,1,1,0
171.8528,-43.58138,5,1,1,0
172.20697,-43.62737,5,1,1,0
172.38188,-43.52019,5,1,1,0
172.37091,-43.58791,5,1,1,0
172.34416,-43.609,5,1,1,0
172.21223,-43.63953,5,1,1,0
172.4823,-43.50008,5,1,1,0
172.54073,-43.60845,5,1,1,0
172.34982,-43.60019,5,1,1,0
172.17534,-43.64016,5,1,1,0
172.12537,-43.51812,5,1,1,0
172.32068,-43.60479,5,1,1,0
171.90952,-43.58849,5,1,1,0
172.1801,-43.54857,5,1,1,0
172.61505,-43.58374,5,1,1,0
172.39365,-43.62387,7.5662,0,1,3
172.38722,-43.57967,9.0689,0,1,3
172.39186,-43.57713,7.32,0,1,3
172.37602,-43.5892,5,1,1,0
172.38173,-43.58727,5,1,1,0
172.03981,-43.61512,5,1,1,0
172.39182,-43.56149,5,1,1,0
172.44246,-43.64197,5,1,1,0
172.13684,-43.4838,5,1,1,0
171.86006,-43.58574,5,1,1,0
172.32228,-43.59495,5,1,1,0
171.84056,-43.61299,5,1,1,0
172.23004,-43.59855,5,1,1,0
172.10735,-43.16637,5,1,1,0
172.11551,-43.17266,5,1,1,0
172.46379,-43.63832,9.7922,0,1,3
171.84103,-43.61463,5,1,1,0
172.21056,-43.60815,5,1,1,0
172.10938,-43.17824,5,1,1,0
172.61949,-43.58354,5,1,1,0
171.94965,-43.53838,5,1,1,0
172.26764,-43.59991,5,1,1,0
172.24767,-43.61668,5,1,1,0
172.38153,-43.59954,6.7058,1,1,3
172.46135,-43.62658,5,1,1,0
172.36989,-43.61729,5,1,1,0
172.37251,-43.59733,5,1,1,0
172.38156,-43.58857,5,1,1,0
172.41371,-43.60641,9.0993,0,1,3
172.41408,-43.60995,5,1,1,0
172.37891,-43.61502,5,1,1,0
172.3812,-43.58879,5,1,1,0
172.31123,-43.59316,5,1,1,0
172.00967,-43.26625,8.7944,0,1,3
172.17018,-43.61375,5,1,1,0
172.50204,-43.60728,5,1,1,0
172.37419,-43.59466,5,1,1,0
172.22554,-43.62795,5,1,1,0
172.39841,-43.59818,9.4829,0,1,3
171.8613,-43.56135,7.9225,1,1,3
172.11096,-43.17453,5,1,1,0
172.3757,-43.59969,6.6457,1,1,0
172.12566,-43.47596,5,1,1,0
172.13974,-43.61064,5,1,1,0
172.01907,-43.56474,5,1,1,0
172.40475,-43.55874,5,1,1,0
172.36871,-43.60122,5,1,1,0
172.47517,-43.55398,5,1,1,0
172.35069,-43.65316,5,1,1,0
172.15358,-43.58046,5,1,1,0
172.22243,-43.58865,5,1,1,0
172.0488,-43.57074,9.4019,0,1,3
172.3839,-43.58324,5,1,1,0
172.39264,-43.57207,7.8761,0,1,3
172.26393,-43.57717,5,1,1,0
172.02347,-43.55382,7.7934,0,1,3
172.15005,-43.60363,5,1,1,0
172.16435,-43.54562,5,1,1,0
172.19168,-43.54934,5,1,1,0
172.37746,-43.76701,5,1,1,0
172.3838,-43.77649,5,1,1,0
172.43338,-43.66403,5,1,1,0
172.38173,-43.77496,5,1,1,0
172.64258,-43.52862,5.0022,1,1,0
172.54509,-43.5551,5,1,1,0
172.65256,-43.53489,7.427,1,1,3
172.62767,-43.54179,6.2442,1,1,0
172.64326,-43.53899,6.2238,1,1,0
172.67892,-43.49372,5,1,1,0
172.33017,-43.5945,5,1,1,0
172.47888,-43.61594,5,1,1,0
172.31412,-43.62429,5,1,1,0
172.21571,-43.64744,5,1,1,0
171.8598,-43.60262,5,1,1,0
172.35619,-43.63644,5,1,1,0
172.02417,-43.65273,5,1,1,0
172.56213,-43.56456,5,1,1,0
172.53551,-43.57649,7.9493,0,1,3
172.51187,-43.58891,5,1,1,0
172.40836,-43.63645,9.3839,0,1,3
172.11938,-43.47109,5,1,1,0
171.84454,-43.58292,5,1,1,0
172.3849,-43.59055,5,1,1,0
172.4222,-43.49216,5,1,1,0
172.2735,-43.61349,5,1,1,0
172.40182,-43.60815,5,1,1,0
171.91989,-43.5574,5,1,1,0
172.1942,-43.5353,7.8551,0,1,3
172.60025,-43.5358,4.755,1,1,0
171.74321,-43.55389,5,1,1,0
172.37074,-43.59161,5,1,1,0
172.26515,-43.63094,5,1,1,0
172.56995,-43.57887,5.4227,1,1,0
172.18742,-43.55581,9.0084,0,1,3
172.56197,-43.59114,5,1,1,0
172.56184,-43.57754,5,1,1,0
172.569,-43.56609,5,1,1,0
172.41977,-43.54258,5,1,1,0
172.28893,-43.62035,5,1,1,0
172.30467,-43.5876,5,1,1,0
172.56863,-43.57123,5.3075,1,1,0
172.57446,-43.58026,5.4517,1,1,0
172.30489,-43.60255,5,1,1,0
172.29208,-43.56605,5,1,1,0
172.5571,-43.5869,5,1,1,0
172.26904,-43.61684,5,1,1,0
172.17166,-43.52986,5,1,1,0
172.37764,-43.5774,19.0812,2,0,2
172.27119,-43.58236,12,3,2,1
171.8644,-43.56378,8.2318,3,1,3
172.17569,-43.59444,5,1,1,0
172.56784,-43.58674,5,1,1,0
171.7812,-43.61045,5,1,1,0
172.32872,-43.54679,5,1,1,0
172.37186,-43.63718,5,1,1,0
172.20387,-43.57196,5,1,1,0
172.40654,-43.5729,5,1,1,0
172.16197,-43.61625,5,1,1,0
172.16092,-43.47837,5,1,1,0
172.17563,-43.47541,5,1,1,0
172.36928,-43.56431,5,1,1,0
172.56439,-43.6168,5,1,1,0
172.29254,-43.56124,5,1,1,0
172.03006,-43.61938,5,1,1,0
172.35747,-43.58146,5,1,1,0
172.15564,-43.48344,5,1,1,0
171.96339,-43.34141,7.8402,0,1,3
172.44949,-43.64725,5,1,1,0
172.46524,-43.63482,7.1946,0,1,3
172.35461,-43.62786,5,1,1,0
171.83252,-43.58947,5,1,1,0
172.06116,-43.60991,5,1,1,0
172.26158,-43.6118,5,1,1,0
172.2205,-43.61747,5,1,1,0
172.15254,-43.46238,5,1,1,0
172.6286,-43.46916,9.782,0,1,3
172.58595,-43.47593,8.6763,0,1,3
171.90407,-43.35684,5,0,1,0
172.90813,-43.73812,22.5569,2,0,2
172.17447,-43.46309,5,1,1,0
172.41661,-43.60035,8.0364,0,1,3
172.33063,-43.60468,5,1,1,0
172.06131,-43.59237,5,1,1,0
172.34122,-43.63824,5,1,1,0
172.14531,-43.60375,7.075,0,1,3
172.29855,-43.58773,5,1,1,0
171.86362,-43.58206,5,1,1,0
172.16968,-43.59585,12,3,2,1
172.3705,-43.60558,13.3381,3,0,1
172.29152,-43.53458,5,1,1,0
172.87546,-43.7291,25.4793,2,0,2
172.35968,-43.60976,5,1,1,0
171.85408,-43.5963,5,1,1,0
172.3638,-43.58545,5,1,1,0
172.38342,-43.5636,5,1,1,0
172.21971,-43.62333,5,1,1,0
172.22005,-43.63549,10.3125,0,1,3
171.88606,-43.56258,6.8321,1,1,3
172.15732,-43.48475,5,1,1,0
172.13327,-43.58247,5,1,1,0
172.13196,-43.47536,5,1,1,0
172.29007,-43.61375,6.5451,1,1,0
172.13304,-43.59559,5,1,1,0
172.40726,-43.55662,5,1,1,0
172.382,-43.56278,7.7318,0,1,3
172.57642,-43.5047,5,1,1,0
172.35297,-43.58875,5,1,1,0
172.57323,-43.50208,5,1,1,0
172.38991,-43.5593,5.0297,1,1,0
172.17603,-43.55249,5,1,1,0
172.00131,-43.54959,8.7049,0,1,3
172.38445,-43.55803,5,1,1,0
171.99469,-43.56837,5,1,1,0
172.13924,-43.62855,5,1,1,0
172.36923,-43.69824,5,1,1,0
172.48004,-43.62656,5,1,1,0
172.57468,-43.46738,5,1,1,0
172.57845,-43.46479,5,1,1,0
172.57878,-43.47094,7.318,1,1,3
172.39375,-43.58278,9.2799,0,1,3
172.24876,-43.62566,5,1,1,0
172.57379,-43.56274,5,1,1,0
172.40971,-43.59517,5,1,1,0
172.30559,-43.54625,5,1,1,0
172.37206,-43.60968,5,1,1,0
172.24828,-43.63486,5,1,1,0
172.34448,-43.5794,5,1,1,0
172.10461,-43.433,7.0594,0,1,3
172.40303,-43.77478,5,1,1,0
172.12349,-43.44239,5,1,1,0
172.44299,-43.64678,5,1,1,0
172.29279,-43.59982,5,1,1,0
172.18765,-43.563,5,1,1,0
172.40593,-43.57035,5,1,1,0
171.92592,-43.55771,5,1,1,0
172.39557,-43.63082,8.2998,0,1,3
172.42229,-43.65132,5,1,1,0
172.31793,-43.62076,5,1,1,0
172.34006,-43.64958,9.2479,0,1,3
172.36368,-43.6516,5,1,1,0
172.11691,-43.17492,5,1,1,0
172.38544,-43.60262,5,1,1,0
172.15251,-43.58829,5,1,1,0
172.4017,-43.34711,5,1,1,0
171.86986,-43.63631,5,1,1,0
172.39018,-43.57041,12,3,2,1
172.25966,-43.60044,5,1,1,0
172.05389,-43.57555,5,1,1,0
172.29407,-43.60715,5,1,1,0
172.35829,-43.64845,5,1,1,0
172.10263,-43.61977,5,1,1,0
172.47263,-43.62627,6.9819,0,1,3
172.10509,-43.17228,5,1,1,0
172.16112,-43.51199,7.4228,0,1,3
171.94902,-43.2771,9.1836,0,1,3
171.81584,-43.63871,5,1,1,0
172.38464,-43.57781,6.292,1,1,0
172.35385,-43.61907,5,1,1,0
172.53072,-43.87247,12,3,2,1
171.84259,-43.62815,5,1,1,0
172.1442,-43.6147,5,1,1,0
172.32201,-43.37462,12,0,2,1
171.8609,-43.56394,5,1,1,0
172.21129,-43.61926,9.7144,0,1,3
171.88434,-43.60775,5,1,1,0
172.14453,-43.60012,5,1,1,0
172.3909,-43.60132,12,3,2,1
172.46754,-43.61874,5,1,1,0
172.04237,-43.58158,5,1,1,0
171.76758,-43.61168,5,1,1,0
172.26669,-43.61426,12,3,2,1
172.18416,-43.52263,5,1,1,0
172.11453,-43.43304,8.9068,0,1,3
172.01976,-43.16797,11.2061,1,0,1
172.37912,-43.64044,5,1,1,0
172.34782,-43.58899,5,1,1,0
172.16296,-43.63536,5,1,1,0
172.18349,-43.61505,12,3,2,1
172.36682,-43.6071,9.7299,0,1,3
172.4135,-43.64539,5,1,1,0
172.18327,-43.53836,5,1,1,0
172.47366,-43.74804,5,1,1,0
172.37392,-43.57173,5,1,1,0
171.86815,-43.60072,5,1,1,0
172.35738,-43.56541,5,1,1,0
172.05344,-43.59155,5,1,1,0
172.31465,-43.58538,5,1,1,0
172.409,-43.53255,5,1,1,0
172.38022,-43.56557,5,1,1,0
172.28281,-43.60852,5,1,1,0
172.17819,-43.54049,7.0766,0,1,3
172.37759,-43.58788,5,1,1,0
172.58882,-43.4817,9.6556,0,1,3
172.41595,-43.69846,13.2388,3,0,1
172.25558,-43.63019,5,1,1,0
172.36096,-43.57676,12,3,2,1
172.34032,-43.59729,5,1,1,0
171.65283,-43.82396,14.2835,0,0,1
172.09402,-43.43431,5,1,1,0
172.03773,-43.60098,7.1922,1,1,3
172.34814,-43.6049,5,1,1,0
171.67288,-43.87304,5,0,1,0
171.89977,-43.59876,5,1,1,0
171.88284,-43.59351,5,1,1,0
172.41629,-43.64249,14.2303,3,0,1
171.75114,-43.56247,5,1,1,0
