longitude, latitude, magnitude, depth,
172.16794,-43.52731,7.2,11.0426,
172.32367,-43.55426,5.815,10.0257,
172.38512,-43.6585,5.114,7.8273,
172.29477,-43.5661,5.532,11.8823,
172.18575,-43.4711,5.434,6.2919,
172.11847,-43.49201,5.162,10.1591,
172.11028,-43.62283,5.335,17.6058,
172.21217,-43.59541,4.921,14.2405,
172.4296,-43.68362,4.565,8.317,
172.54439,-43.58787,4.75,24.8006,
172.30362,-43.58586,4.971,9.8851,
172.37521,-43.66354,4.822,5,
172.23647,-43.64153,4.945,11.2593,
172.27835,-43.63268,4.912,8.1763,
172.41315,-43.60732,4.979,9.3622,
172.16673,-43.60926,5.144,9.4878,
172.27443,-43.61766,4.569,12.7419,
172.40707,-43.64999,4.491,11.324,
172.16286,-43.46124,5.359,6.6817,
172.40086,-43.60709,4.727,18.6778,
172.17003,-43.47633,4.817,7.1462,
172.23813,-43.57198,4.516,5,
171.90025,-43.64566,4.414,5,
172.35774,-43.6156,4.429,13.2374,
172.19954,-43.61805,4.382,31.4,
172.44824,-43.6536,4.324,6.1263,
172.32207,-43.60859,4.95,8.559,
172.48775,-43.54868,4.174,20.357,
172.15205,-43.52158,4.664,9.2996,
172.36874,-43.60562,4.343,9.4366,
172.40279,-43.59917,5.468,7.4831,
172.20514,-43.6309,4.751,9.5176,
172.25459,-43.62086,3.737,11.1523,
172.12369,-43.65435,4.522,10.1487,
172.41252,-43.47221,4.292,5,
172.20256,-43.60182,4.686,9.1392,
172.21004,-43.61625,5.504,8.0537,
172.42267,-43.60178,4.767,7.4454,
172.22412,-43.60673,4.315,9.514,
172.39214,-43.61933,4.214,9.1659,
172.54507,-43.61502,3.962,21.6932,
171.96542,-43.42382,3.956,11.9575,
172.27841,-43.62322,4.699,8.872,
172.37897,-43.55125,3.821,5,
172.24101,-43.62859,3.851,5,
172.11301,-43.54909,4.117,9.9906,
172.45435,-43.61747,4.245,7.0828,
172.37834,-43.41101,3.564,33,
172.4102,-43.60401,4.301,8.8772,
171.96031,-43.51437,3.95,5,
172.43463,-43.63962,3.587,5,
172.32454,-43.59659,3.547,5,
172.44044,-43.66763,3.753,5,
172.49609,-43.6358,4.203,18.0402,
172.37679,-43.59209,4.529,10,
172.1541,-43.59937,4.728,8.3859,
172.18248,-43.58258,5.05,5.7404,
171.90456,-43.5519,4.19,10.477,
171.92424,-43.5533,4.202,7.6136,
172.09161,-43.61933,4.18,11.0415,
172.35083,-43.58913,3.412,12,
171.86795,-43.55365,4.575,12,
172.15027,-43.46167,4.113,6.8935,
172.26309,-43.63627,4.255,11.4933,
171.87665,-43.54924,4.266,5,
172.42139,-43.6554,3.942,6.2076,
172.41945,-43.64859,3.596,5,
172.3445,-43.58962,3.282,5,
172.09457,-43.59563,4.692,7.8645,
172.33667,-43.57727,3.971,14.0326,
172.03815,-43.58954,4.118,8.852,
172.04362,-43.58209,4.441,12.7174,
171.93301,-43.50891,3.986,11.3858,
172.42651,-43.61386,4.408,8.4279,
171.981,-43.52064,4.397,10.0522,
172.09627,-43.58116,3.702,6.6108,
172.30588,-43.57518,3.814,9.9105,
172.07645,-43.62188,3.979,7.1391,
171.87042,-43.5463,3.919,5,
172.29759,-43.57589,3.986,11.3568,
172.15967,-43.52707,4.514,9.621,
171.98218,-43.52419,4.533,5,
172.19775,-43.6185,4.233,5,
172.36713,-43.56803,3.695,22.6799,
172.16035,-43.49445,4.071,7.0086,
172.3916,-43.56511,4.264,9.8504,
172.21344,-43.57799,4.171,15.1819,
172.24231,-43.55423,3.813,11.5824,
172.21379,-43.63201,3.455,5,
172.16214,-43.48512,4.293,5.9286,
172.39746,-43.58581,3.29,5,
172.20213,-43.598,4.073,5,
171.91266,-43.56144,4.486,5,
172.18985,-43.4667,4.298,5,
172.18355,-43.44917,3.723,5,
172.15215,-43.50172,3.506,5,
172.33322,-43.5995,4.416,8.2243,
172.31989,-43.63719,3.619,5,
172.57639,-43.62542,3.73,24.0742,
172.31593,-43.56948,3.533,5,
172.52415,-43.55025,4.083,21.0848,
172.43193,-43.57899,3.901,15.5539,
172.16052,-43.58697,3.498,5,
172.0088,-43.55745,4.131,6.6973,
172.12166,-43.60501,3.996,8.464,
172.0986,-43.51294,3.86,5,
172.19545,-43.54142,3.938,5,
172.1881,-43.5922,3.432,5,
172.00301,-43.51379,3.141,12,
171.94992,-43.47793,3.341,10.5874,
172.19292,-43.59906,4.132,5,
172.15111,-43.49399,3.959,7.6852,
171.95787,-43.52837,4.274,17.3945,
172.41998,-43.65785,4.208,8.3737,
172.64563,-43.62341,4.008,19.0038,
172.3681,-43.65718,4.116,5,
172.34909,-43.64157,3.445,5,
172.1776,-43.48444,3.531,10.8446,
172.20988,-43.57866,3.099,12,
172.44025,-43.53471,3.332,16.2498,
172.1217,-43.62795,3.342,5,
172.17479,-43.46814,3.815,5.8776,
171.88933,-43.56837,4.116,8.9324,
172.33469,-43.68073,3.509,5,
171.76793,-43.5664,3.444,5,
172.38113,-43.58765,3.424,13.6433,
172.2957,-43.58936,3.318,12,
172.40912,-43.61632,3.342,5,
172.01489,-43.55053,3.343,5,
172.24362,-43.58006,2.958,5,
171.91075,-43.56587,3.35,5,
172.29861,-43.60468,3.225,5,
172.37221,-43.62337,4.172,11.6033,
171.98225,-43.60041,3.358,5,
172.4422,-43.65592,3.389,5,
172.35045,-43.59398,3.144,5,
171.87764,-43.59034,3.832,5,
172.18607,-43.45727,3.836,5,
172.03004,-43.71103,3.663,5,
172.24127,-43.59666,2.891,5,
172.40393,-43.62034,3.664,8.3031,
172.23857,-43.65031,4.107,14.7997,
172.31216,-43.56051,3.248,5,
172.21492,-43.56371,3.5,5,
172.3909,-43.61522,3.42,12,
172.28584,-43.56379,3.18,5,
172.14253,-43.61903,2.85,5,
171.86209,-43.55952,3.483,12,
172.03871,-43.56707,3.767,6.7499,
172.28329,-43.59722,3.178,5,
172.05132,-43.5977,3.116,5,
172.1559,-43.58944,2.608,5,
172.17863,-43.60236,2.853,5,
172.26147,-43.50686,2.906,5,
172.34186,-43.58797,3.342,5,
171.91864,-43.59831,3.244,5,
171.93265,-43.5714,3.122,5,
172.39465,-43.60268,3.236,5,
172.38315,-43.6246,3.789,7.43,
172.41464,-43.63718,3.265,5,
171.86908,-43.56821,3.212,5,
172.78311,-43.67744,3.511,22.3925,
172.36015,-43.62086,3.287,12,
172.13179,-43.48333,3.303,8.3551,
172.37329,-43.64251,3.264,5,
172.12587,-43.52039,3.1,8.6746,
172.14586,-43.57332,3.158,5,
172.35283,-43.62333,3.77,5,
172.14256,-43.57784,3.464,5,
172.35619,-43.57591,3.317,5,
172.18134,-43.59245,3.578,5,
172.41757,-43.61236,3.745,12,
171.74586,-43.68582,3.615,12,
172.22552,-43.56639,3.803,11.4839,
172.21689,-43.58671,4.6,15.4167,
172.24094,-43.65182,3.635,17.2655,
171.97409,-43.51653,3.677,5,
172.18736,-43.58545,3.123,5,
172.45381,-43.62324,4.444,8.3596,
172.18239,-43.49659,3.697,6.4955,
171.98123,-43.5359,3.514,5,
172.21678,-43.56539,3.608,5,
172.06158,-43.60017,3.863,5,
172.71423,-43.53712,3.494,21.4778,
172.2014,-43.63544,3.364,5,
172.23175,-43.5606,3.105,12,
172.38969,-43.629,3.006,5,
172.15208,-43.57822,2.951,5,
172.1759,-43.47049,2.907,5,
171.93036,-43.56152,3.964,5,
172.37663,-43.64319,3.679,6.4204,
172.20227,-43.57238,3.221,5,
172.16713,-43.45979,3.423,5,
172.38457,-43.56495,3.53,5,
172.13434,-43.52434,2.663,5,
172.36519,-43.58719,2.909,5,
172.32555,-43.54547,3.078,5,
172.1993,-43.48877,3.37,9.1478,
172.24591,-43.61634,2.842,5,
171.84972,-43.56121,3.127,5,
172.19493,-43.56981,3.391,5,
172.17209,-43.59524,3.569,5,
172.06744,-43.61099,3.001,5,
172.28746,-43.6149,3.925,5,
172.30405,-43.55462,3.178,5,
172.34734,-43.60829,3.398,5,
171.87758,-43.56702,3.309,5,
172.25801,-43.60332,3.527,5,
172.38414,-43.58119,3.058,5,
172.4359,-43.66308,3.533,5,
172.47163,-43.63888,3.003,5,
172.1165,-43.5947,3.112,5,
172.34676,-43.59018,3.605,5,
172.37738,-43.5607,3.253,5,
171.92126,-43.56728,3.381,5,
172.23676,-43.62017,3.168,5,
172.12709,-43.51032,2.696,5,
172.20291,-43.55304,3.295,5,
172.29262,-43.58553,3.007,12,
172.18323,-43.62764,3.072,5,
172.3454,-43.59164,2.966,5,
172.52646,-43.51237,3.06,16.3419,
172.19888,-43.512,3.335,5,
171.9897,-43.56758,3.962,8.3406,
172.24605,-43.685,2.767,5,
172.06989,-43.59444,2.663,5,
171.95135,-43.57582,2.923,5,
172.18819,-43.5976,3.1,17.9189,
172.18999,-43.56454,3.127,5,
172.40186,-43.58372,4.8,8.6807,
172.40242,-43.59412,4.441,10.4522,
172.13329,-43.53292,3.87,12,
172.16226,-43.47335,3.49,5,
172.10452,-43.53453,3.102,5,
172.23663,-43.61254,3.543,5,
172.40489,-43.50297,3.063,5,
172.36053,-43.62069,2.786,5,
171.88409,-43.58549,3.225,5,
171.88499,-43.57277,3.697,5,
172.35338,-43.55885,3.288,5,
172.35081,-43.61351,2.88,5,
172.34505,-43.55161,2.838,5,
172.02159,-43.37907,2.819,8.6407,
172.1277,-43.5916,2.987,5,
172.37247,-43.58784,2.919,5,
171.89575,-43.56173,3.003,5,
172.29364,-43.62775,2.735,5,
171.93831,-43.56766,3.328,5,
172.15663,-43.49926,4.027,5.8788,
172.11063,-43.59458,3.853,6.9558,
172.16,-43.50596,2.697,5,
172.19763,-43.58089,2.857,12,
172.18799,-43.53481,2.659,5,
172.90739,-43.77293,3.876,20.0664,
171.86494,-43.53433,3.5,5,
172.37065,-43.57023,4.4,5,
172.37668,-43.5676,3.941,5,
172.41133,-43.6416,3.075,5,
172.25665,-43.5359,3.055,5,
172.18466,-43.57984,3.791,6.1974,
172.36946,-43.56889,3.445,5,
172.29625,-43.59651,3.112,5,
171.98843,-43.51096,3.449,5,
172.29173,-43.62775,3.14,5,
171.94566,-43.52047,3.175,5,
172.36682,-43.56866,3.312,5,
172.3358,-43.61222,2.963,5,
172.89784,-43.52876,2.996,5,
172.37373,-43.5656,3.061,5,
172.39102,-43.58171,3.038,5,
172.2113,-43.60784,2.893,5,
172.39412,-43.55283,3.173,5,
171.94312,-43.53643,3.589,14.5925,
172.31667,-43.60709,2.997,5,
172.14935,-43.50447,2.943,7.5254,
172.39444,-43.55692,3.169,5,
172.33728,-43.54692,2.731,5,
172.40768,-43.56427,2.939,9.6016,
172.16614,-43.46335,2.94,5,
172.07832,-43.59616,2.678,5,
172.22733,-43.5639,2.545,5,
172.33929,-43.56008,2.894,5,
172.50261,-43.65575,3.767,5,
172.42409,-43.62831,3.63,5,
172.28075,-43.51095,3.45,5,
172.37587,-43.64032,3.078,5,
171.95306,-43.57082,3.443,5,
172.09174,-43.30871,3.482,8.7999,
172.334,-43.61383,3.38,15.6131,
172.32762,-43.6132,2.901,13.6314,
172.18898,-43.54802,3.565,7.1208,
172.13431,-43.49733,2.838,5,
172.3513,-43.57739,2.677,5,
172.18881,-43.53963,3.267,7.7684,
172.26387,-43.62392,2.59,5,
172.38968,-43.59166,2.739,5,
172.29984,-43.60524,2.877,12,
172.10933,-43.58831,3.606,8.5497,
172.38275,-43.64339,2.75,5,
172.17757,-43.63984,2.857,5,
172.13132,-43.61146,3.153,5,
172.23256,-43.4652,3.231,5,
172.10887,-43.55689,3.179,5,
172.28046,-43.60915,2.759,5,
172.21495,-43.62139,3.61,5,
172.18446,-43.45223,3.586,5,
171.83861,-43.51344,3.407,5,
172.37796,-43.57924,3.529,5,
172.37222,-43.57684,3.286,5,
172.35747,-43.60506,3.102,5,
172.37405,-43.57056,3.769,5,
172.44618,-43.62758,3.262,5,
172.09085,-43.59906,2.878,5,
172.15253,-43.57936,2.823,5,
172.30031,-43.55319,3.291,5,
172.2957,-43.62497,3.147,5,
172.37375,-43.55203,3.71,5,
172.36456,-43.61028,3.267,5,
172.20872,-43.5714,3.662,17.4831,
172.02998,-43.55073,3.601,11.405,
172.38678,-43.55509,3.198,5,
171.95735,-43.55603,3.138,5,
172.40733,-43.64024,3.264,5,
172.39235,-43.57941,3.249,5,
172.14714,-43.60364,2.76,5,
172.37096,-43.57534,2.568,5,
172.15927,-43.60389,3.172,5,
172.40985,-43.62104,2.674,5,
172.16237,-43.48006,3.409,7.8429,
172.39618,-43.5794,3.215,5,
172.13516,-43.59304,2.714,5,
172.16548,-43.48886,3.456,5,
172.18207,-43.47389,2.933,5,
172.409,-43.61388,3.155,5,
172.18637,-43.53202,2.786,5,
172.16185,-43.6046,3.51,5,
171.79358,-43.53903,3.418,5,
172.31071,-43.58903,3.032,5,
172.25626,-43.60283,3.327,5,
172.13304,-43.5817,3.17,5,
172.46838,-43.54547,3.538,12,
172.15105,-43.46188,3.073,5,
172.39328,-43.58645,2.706,22.8089,
172.38947,-43.53862,2.668,5,
171.86775,-43.53791,2.744,5,
172.27559,-43.56717,2.605,5,
172.27838,-43.58799,3.675,5,
171.85269,-43.58792,3.889,5,
172.35406,-43.60077,3.248,5,
172.30634,-43.57829,3.226,5,
172.29555,-43.55781,2.49,5,
172.33943,-43.57833,2.421,5,
171.87971,-43.56548,3.989,5,
172.3951,-43.56133,3.414,5,
172.24995,-43.57721,3.847,5,
172.47533,-43.62615,3.75,10.5124,
172.25096,-43.5941,3.05,5,
172.36569,-43.55945,2.982,5,
172.30515,-43.59969,3.277,5,
172.22055,-43.59555,2.778,5,
172.27089,-43.60146,2.654,5,
172.36649,-43.57264,3.721,5,
171.92679,-43.50557,3.009,5,
172.29626,-43.55808,2.851,5,
172.36156,-43.59647,4.061,5,
172.50249,-43.59543,3.378,5,
172.70985,-43.64964,2.488,5,
172.17383,-43.52053,3.493,9.225,
171.88943,-43.54584,2.919,5,
172.00587,-43.55528,3.181,5,
172.03877,-43.63465,2.833,5,
172.24518,-43.62341,2.934,9.755,
172.36874,-43.57393,3.8,5.6273,
172.16357,-43.58884,2.847,5,
172.26671,-43.56147,3.567,16.7006,
172.40782,-43.6277,3.143,5,
172.48163,-43.51122,3.043,5,
172.20399,-43.59662,3.387,5,
172.29753,-43.56229,2.793,5,
172.27907,-43.61818,3.22,5,
172.17453,-43.53228,3.294,11.4612,
172.15996,-43.57421,3.429,6.3511,
172.4099,-43.63939,3.24,5,
172.17426,-43.61273,4.22,7.0536,
172.18326,-43.48888,3.735,5,
172.53375,-43.59634,3.63,5,
171.85555,-43.55144,3.527,5,
172.16974,-43.65805,2.973,5,
171.80785,-43.47171,3.133,5,
172.17085,-43.46582,3.044,8.3063,
172.37236,-43.56969,2.838,5,
172.45032,-43.61472,3.154,13.7988,
172.31941,-43.58999,3.221,5,
172.30571,-43.56851,2.881,5,
172.18929,-43.58768,3.315,5,
172.49506,-43.6457,2.859,20.124,
172.40564,-43.61221,3.186,5,
172.41986,-43.56096,3.85,13.5174,
172.45242,-43.61526,3.841,15.2207,
172.22,-43.55236,3.244,12,
172.10144,-43.61153,3.799,5.2696,
172.34575,-43.50059,2.907,5,
172.17348,-43.60738,2.923,5,
172.19696,-43.56356,3.453,5,
171.9297,-43.54212,2.874,5,
172.23608,-43.5321,2.642,5,
172.40091,-43.57224,2.659,11.2157,
172.18703,-43.4928,3.288,5,
172.18895,-43.58276,3.709,5,
172.3363,-43.59666,2.843,5,
171.85231,-43.58879,2.751,5,
172.38913,-43.60236,4.1,6.4555,
172.31636,-43.58377,3.186,5,
172.18349,-43.46981,2.629,5,
172.17336,-43.60583,2.594,5,
172.15353,-43.48799,3.418,8.8074,
172.41199,-43.59498,2.898,24.0081,
172.46016,-43.54328,3.44,5,
172.40691,-43.641,3.242,5,
172.32739,-43.53981,2.939,5,
172.36256,-43.57106,3.049,5,
172.14088,-43.57564,2.911,5,
172.40193,-43.59243,2.884,5,
172.15903,-43.59767,3.265,5,
172.18257,-43.60129,2.99,5,
172.1563,-43.62478,3.154,5,
172.31198,-43.58831,2.645,5,
172.22591,-43.59649,2.799,5,
171.89012,-43.60089,3.799,5,
172.42899,-43.62254,3.183,5,
172.19344,-43.54403,2.46,5,
172.19826,-43.53819,3.012,5,
172.37079,-43.55818,3.924,5,
172.28946,-43.56815,3.447,5,
172.21309,-43.59621,3.198,5,
172.51782,-43.56116,2.821,17.2056,
172.27338,-43.61273,3.366,5,
172.17668,-43.61364,2.517,5,
171.87485,-43.58384,3.27,5,
172.38423,-43.62786,2.917,5,
172.4046,-43.54137,2.848,5,
172.33609,-43.60838,2.776,5,
172.34029,-43.58985,3.622,5,
172.37001,-43.62367,3.515,5,
172.46312,-43.65911,4.036,7.35,
172.35254,-43.57971,3.301,5,
172.15016,-43.57456,3.224,5,
172.43527,-43.61401,3.253,5,
172.15356,-43.62331,2.803,5,
172.33922,-43.57684,2.851,5,
172.42149,-43.57253,2.972,8.9695,
172.14856,-43.48272,2.864,5,
172.33237,-43.57183,2.821,5,
172.13287,-43.58955,3.091,5,
172.37572,-43.58193,3.938,5,
172.31616,-43.59349,3.829,5,
172.60268,-43.59968,3.451,14.2471,
172.18788,-43.62982,3.256,5,
172.37469,-43.58495,3.959,9.5133,
172.4133,-43.53983,3.012,5,
172.36118,-43.63866,4.127,5,
172.04335,-43.60528,2.971,5,
172.10158,-43.51501,3.096,11.8518,
172.42204,-43.57153,3.875,14.3857,
171.89587,-43.55279,3.309,5,
172.17453,-43.50886,4.9,8.7228,
172.29117,-43.59851,4.86,8.6594,
172.12694,-43.53466,4.069,9.666,
172.19431,-43.49708,4.074,5,
172.17816,-43.50919,5.178,7.7167,
172.0896,-43.50986,3.457,5,
172.25542,-43.61336,3.899,5,
172.0882,-43.64809,3.872,5,
172.17412,-43.51949,3.337,8.2659,
172.25348,-43.52426,3.036,5,
172.18654,-43.45482,3.71,5.7305,
172.16931,-43.48843,3.163,6.0573,
171.89168,-43.52374,2.496,5,
172.33017,-43.60033,2.604,12,
172.30354,-43.589,2.385,5,
172.19217,-43.45801,2.373,5,
172.17673,-43.51104,2.539,5,
171.87025,-43.57058,3.166,5,
172.3252,-43.55315,2.655,5,
172.19273,-43.44742,2.683,5,
171.93927,-43.56151,3.255,5,
172.12961,-43.54673,2.711,5,
172.18794,-43.54387,2.857,5,
172.21201,-43.6205,3.168,5,
172.34697,-43.60793,2.936,5,
172.43698,-43.65754,3.069,5,
172.23543,-43.61448,2.844,5,
172.31609,-43.56137,2.368,5,
172.30524,-43.5998,3.455,5,
172.22981,-43.57978,3.458,5,
172.30833,-43.59458,2.683,5,
172.33199,-43.58429,2.511,5,
172.31821,-43.56933,2.699,5,
172.34843,-43.54638,3.179,15.6822,
172.28493,-43.60506,2.763,5,
172.28871,-43.5532,2.632,5,
172.22229,-43.60522,2.69,5,
171.90765,-43.57008,3.646,5,
172.37665,-43.56837,3.903,6.0978,
172.29449,-43.47795,2.975,5,
171.85078,-43.52938,3.216,5,
172.3875,-43.56273,3.125,5,
172.16624,-43.54823,2.704,5,
172.36166,-43.55682,2.57,5,
172.20502,-43.61137,2.895,5,
172.16194,-43.58303,2.706,5,
172.19304,-43.57631,2.655,5,
172.14973,-43.5973,3.582,7.7,
171.91478,-43.57524,3.781,5,
172.47136,-43.66494,3.31,12,
172.48384,-43.66145,2.735,12,
172.19788,-43.56808,3.446,5,
172.19904,-43.55554,3.433,5,
172.33727,-43.54528,3.12,5,
172.37135,-43.58549,2.891,5,
172.17018,-43.58612,2.604,5,
172.36192,-43.60576,3.439,5,
172.38495,-43.54853,3.21,5,
172.4039,-43.65635,3.684,8.4045,
172.06012,-43.61989,3.634,5,
172.20894,-43.54391,3.52,5,
172.38116,-43.58281,3.018,5,
172.04465,-43.62014,3.334,5,
172.15585,-43.61858,3.501,5,
172.29646,-43.60065,3.319,5,
172.22212,-43.57833,3.994,17.647,
172.22343,-43.55259,2.97,5,
172.13599,-43.6099,2.745,5,
172.35809,-43.61064,2.819,5,
172.16975,-43.46585,2.844,5,
171.89079,-43.57824,2.91,5,
172.37651,-43.61646,4.202,5,
172.18065,-43.53887,2.904,6.8535,
172.33046,-43.55223,2.615,5,
172.37558,-43.59287,2.628,5,
172.27466,-43.59178,3.323,5,
172.37698,-43.57177,3.889,5,
172.44835,-43.6442,2.985,5,
172.18365,-43.56239,2.713,5,
172.31732,-43.63197,2.871,5,
172.52638,-43.54081,3.251,12,
171.8936,-43.49067,2.659,5,
171.88223,-43.57581,3.506,5,
172.75746,-43.68732,3.163,16.6163,
171.90707,-43.5413,3.072,5,
172.28088,-43.61426,2.577,5,
172.34593,-43.60686,2.902,5,
172.3661,-43.56586,2.9,5,
172.15274,-43.47659,4.304,7.3002,
172.7627,-43.53548,3.573,15.9049,
172.12054,-43.61533,3.501,5,
172.22827,-43.631,3.273,5,
172.32986,-43.57957,2.976,5,
172.1651,-43.507,2.803,5,
172.37297,-43.60941,2.809,5,
171.85692,-43.57724,3.823,5,
172.18533,-43.5396,3.032,5,
171.81586,-43.55323,3.35,5,
172.0305,-43.57235,3.39,5,
172.59633,-43.65122,3.613,17.3693,
172.1777,-43.47255,2.923,5,
172.38771,-43.60907,2.644,5,
172.18854,-43.49167,2.801,5,
172.24487,-43.54424,2.742,5,
172.33963,-43.59902,2.725,5,
172.3369,-43.63424,2.728,5,
172.3372,-43.64513,3.043,5,
172.18221,-43.46634,3.326,5.3891,
172.17674,-43.50951,3.106,6.2158,
172.14719,-43.59712,2.812,5,
172.37801,-43.58355,2.99,5,
172.40578,-43.70949,3.58,5,
171.85904,-43.57548,3.29,5,
172.72781,-43.49788,3.287,25.4488,
172.173,-43.45458,3.306,5,
172.3895,-43.61185,2.803,5,
172.15678,-43.50449,2.987,5,
172.28932,-43.56154,3.198,5,
172.37318,-43.5961,3.325,5,
171.82387,-43.51784,2.657,5,
172.24036,-43.61034,3.124,5,
172.16487,-43.52784,3.246,9.6017,
172.27937,-43.58854,2.924,5,
172.3268,-43.5901,3.935,16.6665,
172.43723,-43.6518,2.681,12,
172.36629,-43.56487,3.326,5,
171.90109,-43.56649,3.508,5,
172.33606,-43.54554,4.1,8.2057,
172.26317,-43.61839,3.489,5,
172.31476,-43.59529,3.834,12,
172.29292,-43.59092,3.061,5,
172.26643,-43.61955,2.81,5,
172.34151,-43.58413,2.838,5,
172.14975,-43.56766,2.772,5,
172.27991,-43.61853,3.8,9.7951,
172.16835,-43.46699,3.594,5.846,
172.78465,-43.69313,2.929,21.1207,
172.4218,-43.61425,3.024,5,
172.35629,-43.5771,3.022,5,
172.37561,-43.56815,3.253,5,
172.18874,-43.55099,3.286,5,
171.97945,-43.53708,3.043,5,
172.43736,-43.65438,3.21,5,
172.17921,-43.62146,3.069,5,
172.24501,-43.59514,3.463,5,
172.53369,-43.65904,3.205,26.6659,
172.1814,-43.59778,2.884,5,
172.1595,-43.61834,3.236,5,
172.28375,-43.61155,2.935,5,
172.14978,-43.50332,2.663,5,
172.31812,-43.58928,3.4,5,
172.13113,-43.63537,3.177,5,
172.25485,-43.60133,3.152,5,
172.15744,-43.61576,3.38,5,
171.76564,-43.54185,3.122,5,
171.75865,-43.53485,3.214,5,
171.90828,-43.54179,2.944,5,
172.15649,-43.51737,2.898,5,
172.18304,-43.4535,3.386,5,
171.74184,-43.54025,2.757,5,
172.33936,-43.57898,2.651,5,
171.89366,-43.59371,2.913,5,
172.03275,-43.58489,2.975,5,
171.85612,-43.57955,2.971,5,
172.94284,-43.72343,3.374,26.1736,
172.31197,-43.55562,2.728,5,
172.12993,-43.59402,3.489,9.4559,
172.36049,-43.59975,3.177,5,
172.16747,-43.4598,3.112,5,
172.38351,-43.55688,3.193,5,
172.19182,-43.59254,2.775,5,
172.20456,-43.57442,2.647,5,
172.19746,-43.52572,3.369,5,
172.35374,-43.59917,3.837,10.4867,
172.15895,-43.48091,2.758,5,
172.42099,-43.6338,2.879,5,
172.22192,-43.57158,2.804,12,
172.19989,-43.59064,2.852,12,
172.31332,-43.55193,2.821,5,
172.2795,-43.5975,2.744,5,
172.12221,-43.59299,2.68,5,
172.19855,-43.57605,2.661,5,
172.37134,-43.61494,3.317,5,
171.87448,-43.57753,3.012,5,
172.1488,-43.55521,2.851,5,
172.16565,-43.61452,2.934,5,
172.36662,-43.60278,2.77,5,
172.30153,-43.59863,2.738,5,
172.34201,-43.66002,3.311,12,
172.27148,-43.61401,2.819,5,
172.32915,-43.64805,2.906,5,
172.19666,-43.57695,3.004,5,
172.50755,-43.63115,2.968,5,
172.16191,-43.51609,2.822,5,
172.05667,-43.60797,2.839,5,
172.25748,-43.6049,2.751,5,
172.37366,-43.82254,2.927,5,
172.53952,-43.52347,3.513,17.4357,
172.20226,-43.63772,2.695,5,
172.53075,-43.52076,2.879,16.0681,
172.40894,-43.59418,2.888,12,
172.06325,-43.62175,3.975,5,
172.17174,-43.49399,3.302,4.5288,
172.28833,-43.56696,2.817,5,
172.4301,-43.57109,2.911,5,
172.14047,-43.52195,2.641,5,
172.39882,-43.60123,3.884,8.4795,
171.9675,-43.57444,3.288,5,
172.1622,-43.46226,2.638,5,
172.37053,-43.57859,3.312,5,
172.28497,-43.61855,2.594,5,
172.3773,-43.57053,2.586,5,
172.33371,-43.61221,2.778,5,
171.91994,-43.56841,3.417,5,
172.04584,-43.59819,3.021,5,
171.87743,-43.55658,3.28,5,
172.38454,-43.58571,3.084,5,
172.24898,-43.62496,3.719,5,
172.33771,-43.63332,2.947,5,
172.0992,-43.45775,2.548,5,
172.12321,-43.58701,2.663,12,
172.46201,-43.62967,2.7,5,
172.23569,-43.59897,2.834,5,
172.26439,-43.6071,2.792,5,
172.09557,-43.51162,2.728,5,
172.33281,-43.60033,2.92,5,
172.40712,-43.62481,3.419,5,
172.26022,-43.60166,3.087,5,
172.26704,-43.53131,2.525,5,
172.14772,-43.60048,2.653,5,
172.2326,-43.61617,3.264,5,
171.94656,-43.5598,3.933,7.0385,
172.32295,-43.61541,3.69,9.7041,
172.342,-43.62397,3.184,5,
172.41013,-43.62014,3.9,9.33,
172.04649,-43.61341,3.736,5,
172.38425,-43.60336,2.882,5,
171.9787,-43.54765,4.8,9.8039,
171.95403,-43.5653,4.364,5,
172.38029,-43.6109,3.105,5,
172.4016,-43.65396,3.037,5,
172.37891,-43.63746,3.142,5,
172.27705,-43.60916,3.458,5,
171.96758,-43.56323,3.648,5,
172.40302,-43.5382,4.035,5,
172.15689,-43.46883,2.874,5,
172.24355,-43.59707,2.655,5,
172.2821,-43.55174,2.691,5,
171.97394,-43.55993,3.129,5,
172.35181,-43.60376,3.711,13.1395,
172.37813,-43.63754,2.896,5,
172.31461,-43.54537,2.805,5,
172.40712,-43.58068,2.92,5,
172.20827,-43.61098,2.973,5,
172.14015,-43.4794,2.558,5,
171.84827,-43.58543,2.768,5,
172.40469,-43.64397,2.688,5,
172.32283,-43.54272,3.046,5,
172.26033,-43.58622,3.905,5,
172.13727,-43.61216,3.569,5,
172.22578,-43.52676,2.633,5,
172.4715,-43.63068,3.02,5,
172.20201,-43.57437,2.53,5,
172.30643,-43.60524,2.791,5,
172.29355,-43.60836,3.154,5,
172.21169,-43.54198,2.694,5,
172.2596,-43.6234,2.978,5,
172.39426,-43.62265,2.668,5,
172.28328,-43.62034,3.585,8.1018,
172.2746,-43.57844,2.806,5,
172.41232,-43.56508,2.87,5,
172.04422,-43.60038,2.633,5,
172.1804,-43.50831,3.448,5,
172.37415,-43.61951,2.832,5,
172.20309,-43.61381,3.36,5,
172.00414,-43.5691,2.628,5,
172.25591,-43.62244,3.469,17.3203,
172.41788,-43.61637,3.006,5,
172.37701,-43.55766,2.74,5,
171.91019,-43.55082,2.638,5,
172.33493,-43.59315,2.89,5,
172.42773,-43.62217,3.279,5,
172.36292,-43.54441,3.096,5,
172.32619,-43.62144,2.629,5,
172.34743,-43.57168,3.331,5,
172.25613,-43.5961,2.535,5,
172.24699,-43.58549,2.754,5,
172.2197,-43.64252,2.8,5,
172.30138,-43.66826,2.686,5,
172.13419,-43.55625,2.612,5,
171.91341,-43.37715,3.21,14.3079,
172.1765,-43.45129,3.6,4.0192,
172.34825,-43.5908,3.216,5,
172.16286,-43.52803,2.669,5,
171.86462,-43.53455,2.531,5,
172.20306,-43.54866,2.719,5,
172.20764,-43.61184,2.942,5,
172.42841,-43.62794,3.061,5,
172.01021,-43.5199,3.061,5,
172.36783,-43.64254,3.388,5,
172.37888,-43.63466,3.436,5,
172.34567,-43.59768,3.033,5,
172.1427,-43.56722,3.073,5,
172.16469,-43.59322,3.067,5,
171.98169,-43.5639,3.551,9.1635,
172.33405,-43.60363,2.956,5,
172.24426,-43.61934,2.795,5,
171.8304,-43.57887,2.86,5,
172.13901,-43.61301,3.2,5,
172.10587,-43.60439,3.999,7.3825,
172.18959,-43.57462,3.835,20.6076,
172.32182,-43.5867,3.022,5,
172.32555,-43.7037,4.021,5,
172.35217,-43.58854,2.766,5,
172.8226,-43.71866,3.071,25.3146,
172.19836,-43.51109,3.047,5,
172.20012,-43.58299,3.598,18.0306,
172.17439,-43.54096,2.909,5,
172.35323,-43.57468,3.308,5,
172.37794,-43.58241,4,8.1574,
172.38722,-43.55628,3.233,5,
172.50871,-43.54758,3.572,13.617,
172.20491,-43.54701,3.659,6.5799,
172.24768,-43.6029,2.821,5,
172.38042,-43.56866,4.3,6.235,
172.33723,-43.60905,3.212,5,
172.3765,-43.56893,4.4,8.6373,
171.94429,-43.59815,3.549,18.7941,
172.36594,-43.57769,3.622,5,
172.35855,-43.585,3.687,5.8493,
172.38016,-43.5721,2.691,5,
172.3688,-43.56165,2.836,5,
171.91048,-43.55237,2.877,5,
172.34262,-43.61205,2.943,5,
172.32773,-43.56575,3.519,5,
172.38448,-43.62369,3.019,5,
172.39363,-43.61001,3.448,5,
171.88455,-43.56952,3.344,5,
172.17752,-43.52332,2.912,5,
172.37761,-43.57165,2.835,5,
172.38072,-43.56652,2.706,5,
172.32237,-43.59998,2.719,5,
172.35146,-43.58402,3.095,5,
172.22664,-43.6263,2.664,5,
171.90462,-43.61897,3.445,5,
172.31306,-43.60107,2.845,5,
172.43507,-43.65062,2.792,5,
172.31134,-43.58347,2.709,5,
172.36633,-43.62269,3.353,5,
172.46417,-43.6502,3.229,5,
172.40012,-43.60672,2.79,5,
172.34627,-43.59541,2.801,5,
172.31183,-43.57567,3.077,5,
172.15999,-43.47099,3.604,7.379,
172.18135,-43.48442,2.927,5,
172.17654,-43.55654,2.838,5,
172.34044,-43.61113,3.028,5,
172.40431,-43.64265,2.783,5,
172.16667,-43.49199,2.777,5,
172.13925,-43.48526,2.728,8.7427,
172.1891,-43.49126,3.123,5.6274,
172.44362,-43.65661,3.129,5,
172.17664,-43.63257,2.77,5,
172.39731,-43.59186,2.823,5,
172.06636,-43.60074,3.204,5,
172.17108,-43.48068,2.932,5,
172.33134,-43.60404,3.228,12,
172.16605,-43.48267,2.851,5.399,
172.16225,-43.61157,3.762,5.9205,
171.85664,-43.55848,4.3,9.3705,
171.94409,-43.55117,4.065,5,
171.96745,-43.52746,3.246,5,
171.95226,-43.54738,2.725,5,
172.12485,-43.60203,3.334,5,
172.33618,-43.60535,3.08,5,
171.87054,-43.58011,3.014,5,
172.35602,-43.56638,2.863,5,
172.18065,-43.50824,2.758,6.3562,
172.21977,-43.60242,2.592,5,
172.19798,-43.5757,2.814,5,
172.77831,-43.66328,2.928,20.3971,
172.40303,-43.60254,3.029,5,
171.97157,-43.56901,3.279,5,
172.46964,-43.60443,3.499,12.1347,
172.11378,-43.62,3.476,5,
172.28661,-43.60353,2.836,5,
172.14967,-43.48399,2.872,5,
171.91029,-43.56404,2.886,5,
171.8868,-43.56665,3.015,5,
172.43103,-43.52075,2.856,5,
172.19815,-43.54231,2.772,5,
172.34908,-43.59175,3.759,5,
172.34541,-43.58578,2.647,5,
172.24577,-43.59603,2.751,5,
172.47755,-43.64536,2.837,5,
171.8951,-43.56404,3.214,5,
171.92296,-43.54601,3.016,5,
172.45004,-43.56748,2.69,5,
171.97141,-43.56948,2.713,5,
172.4753,-43.64399,2.864,5,
172.33588,-43.6083,3.235,5,
172.38544,-43.58635,2.96,5,
171.89357,-43.54206,2.993,5,
172.37567,-43.59442,4,8.2441,
171.98711,-43.26196,4.6,8.4368,
172.01224,-43.2531,3.997,5,
171.96626,-43.24471,4.045,5,
171.98886,-43.26343,3.801,6.5243,
172.0195,-43.22588,3.458,5,
172.35878,-43.58007,4.078,5,
172.17352,-43.60069,2.835,5,
172.00345,-43.272,3.228,8.4635,
172.30426,-43.55859,2.748,5,
172.25035,-43.61271,2.935,5,
172.38438,-43.57802,2.773,5,
172.04881,-43.61744,3.578,5,
172.38664,-43.57738,2.9,5,
172.13484,-43.59824,3.1,5,
172.46259,-43.64651,3.301,5,
172.42439,-43.5885,3.122,5,
172.37537,-43.57209,2.991,5,
172.36987,-43.5768,3.125,5,
172.35844,-43.57229,3.802,5,
172.28841,-43.59056,3.014,5,
172.04608,-43.58433,3.245,5,
172.26291,-43.61205,2.918,5,
172.22108,-43.58651,2.525,5,
172.28479,-43.59489,2.784,5,
172.01569,-43.56937,2.849,5,
172.2525,-43.612,3.574,5,
171.85364,-43.58515,3.8,5,
172.38245,-43.61341,2.665,5,
172.38116,-43.56482,2.535,5,
172.3775,-43.56819,2.997,5,
172.11821,-43.59623,2.764,5,
171.89136,-43.58526,3.314,5,
172.48453,-43.62852,2.558,7.9679,
172.34511,-43.58118,2.668,5,
172.45007,-43.65026,3.01,5,
171.86858,-43.57794,2.622,5,
172.40773,-43.60591,2.669,5,
172.3027,-43.55255,2.76,5,
172.26407,-43.60358,3.801,5,
172.25552,-43.60311,2.93,5,
172.0094,-43.26968,3.479,7.8089,
172.44577,-43.64006,2.712,5,
172.24532,-43.60368,2.727,5,
172.41505,-43.5872,3.109,12,
172.02943,-43.61312,3.105,5,
172.12827,-43.40755,2.863,5,
172.1756,-43.49463,3.063,5,
172.18892,-43.61312,2.619,5,
172.40445,-43.63432,2.752,5,
171.94072,-43.58362,3.445,5,
172.44296,-43.62104,2.696,5,
172.2773,-43.59179,2.905,5,
172.26778,-43.56912,3.179,5,
171.88354,-43.60678,3.509,5,
172.36771,-43.57874,3.37,12,
172.11258,-43.48724,3.817,6.2464,
172.18883,-43.60041,3.343,5,
172.16489,-43.60967,3.231,5,
172.14056,-43.59851,2.947,5,
172.16751,-43.61774,3.171,5,
172.15829,-43.47335,2.803,5,
172.16373,-43.45036,3.12,5,
172.78572,-43.70912,3.142,21.7487,
172.20195,-43.59551,2.637,5,
172.21962,-43.59992,2.753,5,
172.31706,-43.62617,2.744,5,
172.20067,-43.61505,3.332,5,
171.82994,-43.59219,3.311,5,
172.32016,-43.59496,3.806,12,
172.43484,-43.63011,3.225,5,
172.20412,-43.56386,3.748,13.1335,
172.31516,-43.60055,3.23,12,
172.33896,-43.57761,2.796,12,
171.84727,-43.58189,2.963,5,
172.3018,-43.56664,2.885,5,
172.19022,-43.51411,3.323,5.4563,
172.32515,-43.59084,3.105,14.4517,
172.38661,-43.59733,2.819,5,
172.05612,-43.6136,2.999,5,
171.84264,-43.55225,2.871,5,
172.3844,-43.56961,2.464,5,
172.06535,-43.6174,3.568,5.6877,
172.39908,-43.61864,2.756,5,
172.20401,-43.61597,3.198,5,
172.1761,-43.48949,3.047,5.3435,
172.23401,-43.6065,2.876,5,
171.8457,-43.56802,3.644,5,
172.44583,-43.65176,2.932,5,
172.07327,-43.59248,2.969,5,
172.32318,-43.7165,3.047,12,
172.17006,-43.59704,2.874,12,
172.16299,-43.49747,3.466,7.4459,
172.29521,-43.55809,2.727,5,
172.17909,-43.62339,2.854,5,
172.44633,-43.66214,3.91,6.8265,
172.32892,-43.60385,2.696,5,
172.45174,-43.6529,3.116,5,
172.33104,-43.67258,2.89,12,
172.27901,-43.59653,2.923,12,
172.39767,-43.56116,2.752,5,
172.40042,-43.61483,3.219,5,
172.39961,-43.60904,2.607,5,
172.36505,-43.65262,2.514,5,
171.76102,-43.54898,2.716,20.2074,
172.14526,-43.6031,3.139,5,
172.1609,-43.52155,2.781,5,
172.25278,-43.57264,2.702,5,
172.40387,-43.58742,2.768,5,
172.19916,-43.57698,3.22,5,
172.56395,-43.54011,3.013,15.0899,
172.19456,-43.50942,2.634,5,
172.40764,-43.62186,3.8,9.6929,
172.34683,-43.59111,3.387,5,
172.4554,-43.54418,3.09,13.0097,
171.94463,-43.55417,3.195,5,
172.07689,-43.58707,4,7.9415,
172.23526,-43.61919,3.223,5,
172.39386,-43.55835,3.863,6.2992,
171.89098,-43.56095,3.431,5,
172.32401,-43.61353,3.353,5,
172.22423,-43.63111,2.853,5,
171.92625,-43.57283,2.672,5,
172.2321,-43.62973,2.623,5,
172.14029,-43.56694,3.45,5,
172.20868,-43.55128,3.303,5,
172.15602,-43.42321,2.729,12,
171.64807,-43.81577,3.501,12,
172.26434,-43.61076,3.158,5,
172.34737,-43.59513,2.895,5,
172.53535,-43.52012,2.912,12,
172.4915,-43.54022,2.806,12,
171.85258,-43.59932,3.1,5,
172.32666,-43.59663,2.823,5,
171.87035,-43.58527,2.978,5,
172.42661,-43.63643,2.843,5,
171.63214,-43.57854,3.163,5,
172.17873,-43.49049,3.2,5.1715,
171.88377,-43.55697,2.77,5,
172.06607,-43.5844,2.857,5,
172.15755,-43.4616,2.841,5,
172.14874,-43.61818,4.3,8.4453,
172.14763,-43.6081,4.7,7.8282,
172.3792,-43.64444,3.261,5,
172.15968,-43.61218,4.036,5,
172.3282,-43.5415,2.624,5,
172.37833,-43.63164,3.369,5,
172.13609,-43.60851,2.923,5,
172.43581,-43.59351,2.838,12.2779,
172.15138,-43.61697,4,7.0111,
172.38554,-43.63238,3.426,5,
172.35651,-43.58031,3.511,5,
172.36504,-43.57449,3.291,5,
172.45647,-43.64472,2.829,17.3091,
172.18793,-43.57202,2.786,5,
171.89178,-43.56773,2.7,5,
172.38676,-43.56028,2.714,5,
172.17453,-43.60015,2.664,5,
171.88933,-43.62033,3.8,5,
172.38953,-43.61647,3.205,5,
172.34175,-43.59006,2.704,5,
171.91188,-43.56633,2.959,5,
172.94264,-43.2672,2.824,12,
172.14459,-43.60064,2.731,5,
172.3893,-43.56427,3.173,5,
172.14949,-43.61517,3.9,7.1635,
172.00598,-43.26462,3.508,8.8585,
172.1476,-43.61864,2.637,5,
172.28525,-43.56036,3.176,5,
172.40892,-43.64223,3.746,7.0328,
171.88043,-43.58006,2.642,12,
171.88388,-43.55182,2.992,5,
172.16451,-43.49239,3.101,5,
171.88091,-43.56384,2.924,5,
171.92352,-43.56777,3.725,5,
172.35222,-43.58633,2.669,5,
172.16083,-43.50614,2.786,6.0466,
172.19672,-43.50451,3.219,5,
172.28984,-43.60449,3.7,10.1545,
171.89349,-43.59462,2.884,5,
172.1707,-43.51483,2.808,5,
171.88785,-43.54869,3.8,5,
172.16127,-43.59513,2.954,5,
172.39381,-43.58376,2.759,5,
172.26042,-43.61144,3.01,5,
172.3717,-43.65087,3.8,7.0925,
171.93904,-43.55844,4.212,6.5999,
172.19196,-43.5392,3.472,5,
172.36642,-43.62109,3.378,4.5959,
172.38062,-43.59384,2.729,5,
171.94766,-43.5588,3.127,5,
171.74315,-43.5589,3.101,5,
172.33432,-43.61337,3.282,5,
172.43462,-43.61414,3.186,5,
172.37526,-43.56985,3.595,5,
172.4225,-43.62117,3.05,5,
172.39388,-43.60055,2.955,5,
172.09662,-43.5901,2.625,5,
171.88641,-43.54515,2.581,5,
172.34187,-43.61994,3.143,5,
171.95604,-43.23745,3.033,7.3044,
171.89436,-43.56295,2.805,5,
172.32617,-43.59127,2.87,5,
171.89575,-43.58829,2.775,5,
172.18405,-43.57119,3.259,5,
172.37953,-43.63556,3.061,5,
172.32945,-43.60217,2.545,5,
172.42502,-43.60212,4,10.0671,
172.21895,-43.60532,3.85,5,
172.0856,-43.6275,2.874,5,
172.89674,-43.4317,3.314,20.3085,
171.8597,-43.55265,2.542,5,
172.11794,-43.44704,2.964,5,
172.39041,-43.63535,3.7,7.4133,
172.37006,-43.57325,3.084,5,
171.8725,-43.56815,3.169,5,
172.0728,-43.52858,2.986,5,
172.42294,-43.60497,3.7,9.9268,
172.34172,-43.58527,3.117,5,
171.96031,-43.29507,2.907,8.4272,
171.94629,-43.29355,3.62,8.3134,
172.38231,-43.56614,3.331,5,
172.19046,-43.45955,3.635,5,
172.25996,-43.62617,2.694,5,
172.40109,-43.59822,2.614,5,
172.1684,-43.48001,2.834,5,
172.39804,-43.63996,2.88,5,
171.8584,-43.53201,2.651,5,
172.17308,-43.47834,3.398,6.2144,
172.13773,-43.47855,3.1,8.8971,
172.4326,-43.63824,3.311,5,
172.44003,-43.65873,3.069,5,
172.1517,-43.60926,2.509,5,
171.89137,-43.59511,3.265,5,
171.955,-43.30067,2.78,8.8507,
172.2937,-43.57828,2.577,5,
172.22293,-43.61401,3.241,5,
172.38396,-43.64988,2.565,5,
172.28975,-43.57349,2.456,5,
172.11819,-43.64194,2.787,5,
172.36545,-43.57783,3.046,5,
172.24884,-43.60686,2.759,5,
172.4274,-43.67558,3.253,5,
172.37611,-43.55879,2.965,5,
172.32353,-43.62205,3.37,5,
171.922,-43.54683,2.85,5,
172.15617,-43.52676,2.632,5,
172.24875,-43.60982,3.247,5,
172.30669,-43.57832,2.909,5,
171.98082,-43.57405,2.739,5,
172.24275,-43.59495,3.363,5.5941,
172.37172,-43.63316,2.909,5,
172.15195,-43.47188,2.651,5,
172.35396,-43.5941,3.7,8.7478,
172.34055,-43.63017,3.141,5,
172.15289,-43.51964,2.69,5,
172.19814,-43.61833,2.941,5,
171.93486,-43.55879,3.848,5.554,
172.32443,-43.58844,3.644,14.5676,
171.84985,-43.62611,3.037,5,
172.07434,-43.59186,2.799,5,
172.44284,-43.63536,3.7,9.5666,
172.45311,-43.61773,3.004,12,
172.47342,-43.57239,2.946,26.71,
171.87108,-43.57574,3.241,5,
172.15683,-43.598,2.951,5,
172.38203,-43.63087,4.5,7.4867,
172.43944,-43.59151,3.307,7.2458,
172.29456,-43.57668,2.624,5,
172.41299,-43.64095,2.5,5,
172.38695,-43.6193,2.704,5,
172.26112,-43.60632,2.739,5,
171.93221,-43.5646,2.711,5,
172.36212,-43.65055,2.675,5,
172.20215,-43.57699,3.9,9.1725,
171.93735,-43.54293,3.854,8.8724,
171.99471,-43.57909,2.663,5,
171.92995,-43.5375,3.463,8.1017,
172.37907,-43.57098,2.344,7.8945,
171.89912,-43.54685,3.212,5,
172.18341,-43.46643,2.828,5,
172.14331,-43.4952,2.881,5,
172.14481,-43.52154,2.724,5,
172.32689,-43.5691,2.647,5,
172.34587,-43.58994,3.464,7.7926,
172.24831,-43.5769,3.297,5,
172.19682,-43.61808,2.7,12,
172.38852,-43.62918,3.188,7.7886,
172.46411,-43.63531,3.889,8.6697,
172.31882,-43.60956,2.972,5,
171.9003,-43.55003,2.797,5,
172.27875,-43.5448,3.065,5,
172.1666,-43.48083,2.721,5,
172.35475,-43.62489,2.777,5,
172.41183,-43.60876,2.955,5,
172.09389,-43.57601,2.564,5,
172.43497,-43.58593,3.303,6.7012,
172.35201,-43.60482,2.511,5,
172.4402,-43.65237,2.79,5,
172.16599,-43.60203,2.948,5,
172.16341,-43.61676,2.978,5,
172.15396,-43.51883,2.855,5,
172.3968,-43.60937,3.148,5,
172.37465,-43.58625,3.128,5,
172.35236,-43.6025,2.709,12,
172.24806,-43.57281,3.125,5,
172.34886,-43.58728,2.581,5,
172.3839,-43.62663,2.836,5,
172.33063,-43.5586,2.979,12,
172.24364,-43.59853,2.882,5,
172.39847,-43.56446,3.376,7.9846,
172.47118,-43.64406,3.541,8.4936,
172.4682,-43.64477,3.411,8.4826,
172.09576,-43.60311,3.01,5,
172.00052,-43.26859,2.828,8.4241,
171.86749,-43.57302,2.743,5,
172.4017,-43.54279,2.66,5,
172.41609,-43.5411,2.677,12,
172.56297,-43.63664,3.038,13.9583,
171.90987,-43.55154,2.745,5,
172.20085,-43.50824,3.171,7.7852,
172.17355,-43.60536,3.323,8.9035,
172.17184,-43.48182,3.163,5.9484,
171.83159,-43.56882,2.827,5,
172.33919,-43.60912,2.849,5,
172.15523,-43.61721,3.208,5,
172.48265,-43.60912,3.435,8.7364,
171.89253,-43.53422,3.419,8.9796,
172.34654,-43.61749,2.785,5,
172.0428,-43.59093,3.009,5,
172.12956,-43.61646,2.866,5,
172.15332,-43.5296,2.594,5,
172.14281,-43.46313,2.748,5,
172.58786,-43.5834,3.239,4.7838,
172.30557,-43.5825,2.702,5,
172.2357,-43.60427,2.586,5,
172.28505,-43.61062,2.876,5,
172.24846,-43.61676,2.866,5,
172.01624,-43.26565,3.299,8.8052,
171.92963,-43.55328,2.799,5,
172.2975,-43.59291,3.585,9.1071,
172.13774,-43.60784,2.93,5,
172.2551,-43.5977,2.783,5,
171.91071,-43.52978,3.344,8.8514,
172.25319,-43.60777,2.62,12,
172.04825,-43.61076,2.841,5,
171.91809,-43.55961,2.573,5,
172.20319,-43.6526,2.658,5,
172.39876,-43.56284,3.287,7.1712,
172.37845,-43.58818,2.818,19.2521,
172.14972,-43.58891,2.777,5,
172.5276,-43.60808,2.833,5,
171.87755,-43.51807,2.86,5,
172.36322,-43.59731,2.827,5,
172.46434,-43.6304,2.984,5,
171.80264,-43.57982,3.285,7.0662,
172.37155,-43.56135,2.95,5,
172.38927,-43.77238,3.24,7.0229,
172.45059,-43.64566,3.044,5,
172.37512,-43.6332,2.681,5,
172.24965,-43.59155,4.107,7.5701,
172.18626,-43.58306,2.997,5,
172.41382,-43.56583,2.915,12,
172.3943,-43.5822,3.453,9.5281,
171.88705,-43.54343,3.691,8.6083,
172.5114,-43.56689,2.716,12,
172.34706,-43.60109,2.995,5,
172.18462,-43.57227,2.774,5,
172.16145,-43.52869,2.516,5,
172.4496,-43.60554,3.346,8.9956,
172.20605,-43.62552,2.852,5,
172.00697,-43.5882,2.816,5,
172.19214,-43.60834,3.152,5,
172.06741,-43.5973,2.562,5,
172.41664,-43.58693,3.563,8.1388,
172.36992,-43.5854,2.926,5,
172.42703,-43.62851,2.602,5,
172.34477,-43.60536,3.06,5,
172.40387,-43.57572,2.79,5,
172.36647,-43.58464,2.585,5,
172.35553,-43.60609,2.518,5,
172.18196,-43.55602,2.702,5,
172.2946,-43.56549,2.885,5,
172.43227,-43.62171,2.969,5,
172.17285,-43.56633,3.491,7.8742,
172.01465,-43.56137,3.074,5,
171.80365,-43.54681,2.68,5,
171.9368,-43.55164,2.911,5,
172.06793,-43.6064,3.04,5,
172.38715,-43.56505,3.601,7.1449,
171.93021,-43.52782,2.938,5,
172.39819,-43.65488,2.503,5,
171.85396,-43.52691,2.638,5,
172.34186,-43.59861,2.913,5,
172.35139,-43.57929,2.763,5,
172.29924,-43.6288,2.743,12,
172.31764,-43.58875,3.485,7.6978,
172.31667,-43.58051,2.935,5,
172.22356,-43.64002,3.25,5,
171.89914,-43.57339,3.016,5,
172.37683,-43.57102,3.169,5,
171.86885,-43.55976,2.686,5,
172.38976,-43.58875,2.516,5,
172.28714,-43.59937,3.657,9.0612,
172.16618,-43.60905,2.713,5,
172.32095,-43.61245,2.455,5,
172.31741,-43.62411,2.631,5,
171.99986,-43.27069,2.747,8.9016,
172.50221,-43.61,3.9,6.3312,
172.22386,-43.64868,2.562,5,
172.11024,-43.65125,2.743,5,
172.30832,-43.55744,2.668,5,
172.13828,-43.57161,2.761,5,
172.21091,-43.63028,2.585,5,
172.3913,-43.60484,2.981,5,
172.38544,-43.63008,2.536,5,
172.49049,-43.61435,2.868,5,
172.17799,-43.48222,3.794,5.499,
172.15543,-43.60831,2.706,5,
172.16006,-43.56358,2.905,5,
172.33191,-43.61646,2.84,5,
172.35043,-43.59827,2.55,5,
172.38402,-43.56875,2.56,5,
172.3409,-43.59161,2.421,5,
172.02081,-43.61508,2.835,5,
172.06987,-43.60088,2.701,5,
172.38165,-43.61794,2.631,5,
172.36411,-43.57367,2.519,5,
172.15303,-43.58712,2.804,5,
171.88568,-43.57306,3.099,5,
172.32182,-43.60285,2.678,5,
172.39441,-43.61534,2.993,5,
172.33548,-43.59407,2.529,5,
172.06256,-43.23226,2.757,5,
172.33127,-43.59066,2.694,5,
172.26932,-43.57839,2.686,5,
171.91495,-43.55792,2.798,12,
172.11176,-43.61299,2.724,5,
172.41629,-43.62996,2.723,12,
172.35599,-43.61378,2.652,5,
172.3277,-43.69551,2.659,5,
172.28105,-43.57343,2.844,12,
172.46614,-43.62705,2.966,5,
172.30457,-43.58462,2.572,5,
172.22464,-43.63124,2.765,5,
172.39899,-43.61653,3.063,5,
172.15959,-43.60704,3.786,8.8349,
172.2939,-43.57759,2.718,5,
172.24986,-43.60554,2.555,5,
172.17018,-43.49276,3.12,6.0042,
172.39076,-43.54349,3.068,5,
172.17288,-43.51837,2.753,5,
172.1599,-43.46675,3.344,5,
172.39435,-43.58497,2.591,5,
172.23151,-43.61113,2.744,12,
172.32878,-43.60758,2.81,5,
172.16852,-43.56732,2.442,5,
171.89546,-43.56063,2.717,5,
172.36205,-43.60588,2.82,5,
172.19095,-43.55274,3.206,5,
171.86331,-43.56293,4.2,8.6686,
172.30177,-43.54875,3.705,4.4981,
172.19989,-43.54879,3.76,9.1612,
171.94601,-43.28415,3.829,7.8583,
171.95143,-43.28367,3.308,6.4451,
172.29234,-43.60044,3.025,12,
172.3335,-43.61068,2.454,5,
172.37862,-43.5521,3.36,10.4106,
171.87044,-43.58463,2.883,5,
171.99539,-43.3274,2.778,12,
172.15451,-43.601,3.24,8.2736,
171.87881,-43.59682,3.154,5,
171.86581,-43.56387,2.715,5,
171.87405,-43.56808,2.682,5,
172.34923,-43.59455,2.292,5,
172.36604,-43.57272,2.704,5,
172.34149,-43.60024,2.756,5,
172.15179,-43.61522,3.131,5,
172.21991,-43.63884,2.531,5,
171.8519,-43.59093,2.766,5,
172.21375,-43.59651,2.442,5,
172.39145,-43.55603,2.806,5,
172.41617,-43.60085,3.707,9.1832,
172.28818,-43.62769,2.931,5,
171.87479,-43.58499,2.937,5,
172.4039,-43.58034,3.9,9.928,
172.20024,-43.57474,2.647,5,
172.17816,-43.59032,3.752,11.277,
172.14212,-43.49034,2.918,9.1412,
172.16656,-43.4871,3.456,6.5427,
171.83232,-43.57513,3.093,7.7084,
172.37746,-43.76475,3.197,5,
172.56802,-43.62066,3.266,5.2987,
172.09753,-43.58255,3.652,8.3265,
172.38651,-43.56329,2.974,5,
172.37105,-43.62067,2.709,5,
171.91762,-43.57637,2.664,5,
172.16182,-43.55718,2.718,5,
171.88846,-43.56678,3.003,5,
172.15736,-43.45693,2.838,5,
172.21921,-43.60927,3.214,5,
172.38683,-43.62467,3.022,5,
172.32819,-43.59476,3.114,5,
172.48763,-43.59405,2.743,5,
172.34781,-43.58638,2.509,5,
172.20288,-43.64895,2.783,5,
172.38124,-43.77665,2.721,5,
172.16869,-43.60274,3.26,5,
172.203,-43.63712,2.611,5,
172.36465,-43.60933,2.958,5,
172.40134,-43.53899,2.701,5,
172.33237,-43.64842,2.801,5,
172.36023,-43.57807,2.888,5,
172.54774,-43.58582,2.952,5,
172.49248,-43.61938,3.811,8.2927,
172.24028,-43.62299,3.088,5,
172.10516,-43.49577,2.876,5,
172.28146,-43.57037,2.992,5,
172.43352,-43.64935,2.815,5,
172.21303,-43.63868,2.707,5,
172.13272,-43.63144,2.776,5,
172.38773,-43.54608,3.273,7.4895,
172.48331,-43.58959,2.528,12,
172.1981,-43.5261,3.164,5.0817,
172.36674,-43.65115,2.838,5,
172.1161,-43.5382,2.722,5,
172.12791,-43.58572,2.676,5,
172.34221,-43.61296,3.07,5,
172.4527,-43.64631,2.858,5,
171.85167,-43.57538,2.705,5,
172.19255,-43.58369,2.725,5,
171.88777,-43.5847,2.832,5,
172.11658,-43.29712,3.303,5,
172.0986,-43.57944,3.323,8.2176,
172.15659,-43.61805,2.7,5,
172.43417,-43.65665,2.928,5,
171.94868,-43.5568,2.866,5,
172.48851,-43.72913,2.758,5,
172.2504,-43.59742,3.514,9.3424,
172.04237,-43.61009,3.176,5,
171.87357,-43.58634,2.981,5,
172.42624,-43.59146,3.564,9.4608,
172.1032,-43.60289,2.767,5,
172.38737,-43.60398,3.575,6.3481,
172.13805,-43.47689,3.194,5,
172.34402,-43.65024,2.705,5,
171.85712,-43.57962,2.908,5,
172.05074,-43.61517,2.816,5,
172.15416,-43.47004,2.792,5,
172.16902,-43.61878,2.918,5,
172.16292,-43.61534,3.061,5,
172.09526,-43.59573,3.13,5,
172.11453,-43.44396,3.241,5,
172.19553,-43.65386,2.745,5,
172.15666,-43.6081,3.176,5,
172.43645,-43.59959,3.12,6.4109,
171.95036,-43.54735,2.714,5,
171.8506,-43.5794,3.083,5,
171.97357,-43.54375,3.069,5,
172.1492,-43.45839,2.805,5,
172.25313,-43.59104,3.635,7.3713,
172.39322,-43.54856,2.788,5,
172.40381,-43.61781,2.867,5,
172.11124,-43.4755,3.011,5,
172.50769,-43.50485,3.408,12,
171.83704,-43.57198,3.316,6.6241,
172.53215,-43.9078,3.111,5,
172.40582,-43.59332,3.329,8.1432,
172.19174,-43.63005,3.054,5,
172.16573,-43.46763,3.423,6.5566,
172.7088,-43.93907,2.966,22.562,
172.48697,-43.63803,3.008,5,
172.47171,-43.63718,3.137,7.6376,
172.42879,-43.5881,3.335,8.1694,
172.34932,-43.62639,2.999,12,
172.31412,-43.54835,3.647,7.4308,
172.06551,-43.60039,2.913,5,
172.40587,-43.59293,2.618,5,
172.38258,-43.6254,2.776,15.5772,
172.27617,-43.56243,4.1,15.0139,
172.40781,-43.44815,2.573,5,
172.37146,-43.59783,2.65,5,
172.28308,-43.54019,2.733,5,
172.40613,-43.53836,3.253,7.4582,
171.91074,-43.5706,3.051,5,
172.23112,-43.6045,2.608,5,
172.37814,-43.61052,2.8,5,
172.24223,-43.61097,2.43,5,
172.27109,-43.51275,2.265,23.7881,
172.38991,-43.55844,3.316,7.1027,
172.30453,-43.54073,2.968,5,
172.14928,-43.59235,3.296,5,
171.92702,-43.56948,2.944,5,
172.2525,-43.61491,3.238,5,
172.30028,-43.56014,2.434,5,
172.26463,-43.60812,3.086,5,
172.47105,-43.64286,3.629,8.361,
172.39748,-43.58145,3.608,8.7143,
172.16055,-43.60273,3.184,5,
172.15457,-43.51229,2.883,5,
172.44925,-43.738,2.678,5,
172.33519,-43.59086,2.727,5,
171.88057,-43.54373,3.055,5,
172.18196,-43.61688,2.816,12,
172.41171,-43.60185,3.196,12,
172.17972,-43.58055,3.136,12,
172.46115,-43.64681,3.8,7.949,
172.33376,-43.53359,3.299,5.7318,
172.22258,-43.59619,3.052,12,
172.39568,-43.5615,3.57,9.4592,
172.394,-43.56371,4.1,9.8472,
172.17152,-43.51338,3.336,9.1278,
172.29245,-43.57861,3.097,5,
172.38913,-43.61528,2.426,5,
172.12579,-43.48425,2.527,5,
172.16875,-43.46275,4,5.6146,
172.42873,-43.7731,2.927,12,
172.23367,-43.58861,3.017,16.4471,
172.15942,-43.47678,3.33,5,
172.40033,-43.54813,3.762,6.3224,
172.12482,-43.43966,3.132,5,
172.17247,-43.45685,3.219,6.546,
172.17523,-43.47424,2.825,5,
172.51427,-43.58228,3.22,5.684,
171.89464,-43.52129,2.551,5,
172.54446,-43.59406,3.568,9.0381,
172.24603,-43.59237,2.791,7.4829,
172.3692,-43.55379,3.311,7.9907,
172.16261,-43.47823,3.094,8.5651,
172.35518,-43.62511,2.759,5,
171.87912,-43.59177,2.684,5,
172.19824,-43.59118,3.229,5,
172.33653,-43.62108,3.248,12,
172.21194,-43.64331,2.274,5,
172.28923,-43.57005,2.433,5,
172.28818,-43.54436,3.249,18.5005,
172.06461,-43.56278,3.472,9.9751,
172.07289,-43.59849,2.856,5,
172.36134,-43.58003,2.524,5,
172.48724,-43.62439,3.495,5,
172.26048,-43.59192,2.598,5,
172.13161,-43.43206,3.227,5,
172.38307,-43.5552,3.031,5,
172.38307,-43.56562,4.2,8.4823,
172.41107,-43.507,2.901,5,
172.4503,-43.65415,3.236,5,
172.55843,-43.62481,3.775,6.9378,
172.33823,-43.58916,3.919,7.5441,
172.26025,-43.61005,3.157,12,
172.45279,-43.63036,3.132,5,
172.41083,-43.58057,2.797,12,
171.85857,-43.60457,3.207,5,
172.36302,-43.59272,3.114,5,
172.1703,-43.46259,3.119,5,
172.17752,-43.52095,2.868,5,
172.48798,-43.61528,2.645,5,
172.36139,-43.61718,2.752,5,
172.17609,-43.4465,3.766,5.2071,
172.16562,-43.61657,3.232,5,
172.39084,-43.55924,3.366,7.8178,
172.14127,-43.5743,3.132,5,
172.19122,-43.5007,3.879,5.2328,
172.06612,-43.57162,3.981,7.3071,
172.36633,-43.58271,3.373,5,
172.3004,-43.63563,2.873,5,
172.51668,-43.5271,2.708,5,
172.39035,-43.57447,3.219,8.3784,
172.26509,-43.60921,2.883,12,
172.03493,-43.5834,2.905,5,
172.41791,-43.57847,2.962,5,
172.34746,-43.64267,3.235,18.9906,
172.28447,-43.62291,3.126,17.2662,
172.34952,-43.59379,3.179,5,
171.87901,-43.54667,3.679,10.1704,
172.25063,-43.5577,2.355,5,
172.37419,-43.59551,3.237,5.9674,
172.1963,-43.52776,3.047,5,
172.38838,-43.56006,3.521,6.2274,
172.05811,-43.56859,3.489,9.1369,
172.01018,-43.27164,2.819,8.5578,
172.36229,-43.58025,2.523,5,
171.9136,-43.57672,2.866,5,
172.2937,-43.6127,3.223,16.8477,
172.39354,-43.58231,3.537,8.7934,
172.44212,-43.82932,3.335,8.326,
172.13651,-43.58632,3.467,8.2665,
172.1393,-43.60266,3.034,5,
172.51392,-43.79332,2.368,12,
172.44104,-43.52121,3.13,5,
171.91154,-43.54947,2.896,5,
172.37515,-43.55846,3.035,5,
172.21465,-43.52666,2.798,5,
172.47783,-43.64415,3.578,9.1616,
172.32709,-43.60055,2.756,5,
171.89046,-43.57623,3.165,5,
171.95337,-43.58411,2.835,5,
171.88974,-43.54943,2.218,5,
172.37253,-43.74868,3.334,7.1887,
172.40266,-43.58384,3.109,5,
172.17061,-43.5017,2.892,5,
172.5583,-43.62937,3.837,6.7614,
172.43286,-43.63005,3.115,12,
172.3801,-43.56865,4.8,8.5678,
172.38025,-43.56393,4.545,7.7294,
172.5238,-43.58405,3.158,5,
172.38161,-43.55472,3.926,6.7458,
171.85748,-43.57884,5,7.566,
172.39188,-43.55684,3.627,8.1575,
172.48956,-43.62613,3.9,7.6971,
172.43771,-43.52274,3.037,5,
172.32553,-43.56027,3.418,6.6855,
171.86179,-43.5693,2.822,5,
172.19391,-43.55455,3.207,5,
171.88638,-43.52766,4.2,9.4562,
172.36807,-43.5659,2.812,5,
172.38159,-43.56385,3.004,5,
172.39595,-43.61454,2.958,12,
171.89377,-43.53951,2.766,5,
172.47055,-43.63601,3.472,8.7556,
172.23045,-43.61353,3.233,5,
172.47835,-43.6174,3.641,7.2941,
172.35759,-43.57785,3.141,5,
172.3819,-43.56094,3.87,7.7924,
172.38155,-43.55667,2.7,5,
172.34467,-43.59589,2.924,5,
172.39426,-43.56375,3.009,5,
172.33975,-43.59227,2.908,5,
171.84453,-43.57986,2.833,5,
172.38214,-43.55365,2.653,5,
171.84741,-43.58017,2.811,5,
172.39165,-43.57128,3.411,4.6326,
171.88065,-43.57105,3.417,7.504,
172.41733,-43.53486,3.034,5,
172.43311,-43.62395,3.145,5,
172.34018,-43.5802,2.707,5,
172.31667,-43.562,2.98,5,
171.8266,-43.59192,2.776,5,
172.36214,-43.58667,3.04,5,
171.93562,-43.56523,3.272,7.3093,
172.40036,-43.54985,3.166,6.4013,
172.44783,-43.64912,2.942,5,
172.16223,-43.44773,3.69,6.7059,
172.22934,-43.64505,4.8,15.2834,
172.2726,-43.60334,2.872,5,
172.51292,-43.57736,2.97,5,
171.90381,-43.57948,3.171,5,
171.92139,-43.56721,2.696,5,
172.34161,-43.52772,3.128,5,
172.50015,-43.60415,3.56,6.5182,
172.30072,-43.59246,2.957,5,
172.21533,-43.6081,2.645,12,
172.14522,-43.6097,2.72,5,
171.92552,-43.54964,2.541,5,
172.26605,-43.54195,2.872,5,
172.30402,-43.56564,2.484,5,
172.16504,-43.52077,3.889,9.1889,
172.11719,-43.41614,3.333,6.7244,
172.3493,-43.5967,2.922,5,
172.38264,-43.56728,2.972,5,
172.36296,-43.57087,2.679,5,
172.35896,-43.5994,2.412,5,
171.89362,-43.56411,2.635,5,
172.27202,-43.59014,3.537,8.2703,
171.92352,-43.56187,2.673,5,
172.26883,-43.59365,2.966,12,
172.11375,-43.44753,3.148,5,
171.93196,-43.55234,2.918,5,
172.34853,-43.58931,2.673,5,
172.38866,-43.5859,3.224,5,
172.29442,-43.59959,2.475,5,
172.27167,-43.61481,2.774,5,
171.88699,-43.59753,2.754,12,
172.37694,-43.5895,2.605,5,
172.37404,-43.63925,2.925,5,
172.24081,-43.60692,2.554,5,
171.88007,-43.56591,3.514,7.8579,
172.41878,-43.63052,3.7,8.1948,
172.44391,-43.64857,2.822,5,
172.47609,-43.63757,3.464,8.1232,
172.34052,-43.59718,2.82,5,
172.31398,-43.55311,2.529,5,
172.6501,-43.62369,2.806,7.299,
172.07011,-43.59402,2.815,5,
171.89948,-43.57034,3.056,5,
172.35184,-43.53958,2.791,5,
172.1864,-43.59785,3.164,5,
172.18762,-43.57882,2.756,5,
171.60323,-43.22526,2.6,5,
172.37747,-43.62923,2.57,5,
171.64653,-43.45272,2.87,5,
172.16484,-43.49217,2.981,5,
172.16435,-43.46682,3.269,4.956,
171.89174,-43.56489,2.77,5,
172.29355,-43.60841,2.852,5,
172.32536,-43.58273,2.937,5,
172.2224,-43.59943,3.276,8.8227,
172.35425,-43.57412,2.749,5,
171.81161,-43.54213,2.809,5,
172.24861,-43.54232,2.819,5,
171.87898,-43.52552,3.928,10.0196,
172.45633,-43.6455,2.952,5,
172.44801,-43.58546,2.764,15.8798,
172.18733,-43.55341,2.537,5,
172.49969,-43.84702,3.281,12.1997,
172.2056,-43.56073,2.853,5,
172.44601,-43.64127,3.022,5,
172.33987,-43.58891,3.343,9.0888,
172.3185,-43.61397,2.607,5,
172.41396,-43.62792,2.642,14.3226,
172.39348,-43.59653,2.716,5,
172.38626,-43.6244,2.594,5,
172.41078,-43.5924,2.875,3,
172.33395,-43.6064,2.382,5,
172.11713,-43.60604,2.559,5,
172.37498,-43.64516,3.152,5,
172.3894,-43.60466,3.555,8.7249,
172.43541,-43.58759,2.803,14.1547,
172.38191,-43.55975,3.582,7.6657,
172.36572,-43.58481,2.466,5,
172.32773,-43.55262,3.017,5,
172.0918,-43.60648,2.785,5,
172.35753,-43.62309,2.692,5,
172.1813,-43.53687,2.676,5,
172.37578,-43.56649,2.564,5,
172.37947,-43.57884,2.642,3,
172.15904,-43.63218,3.121,5,
172.17007,-43.59495,2.77,3,
171.88789,-43.5539,2.512,3,
172.33887,-43.6161,2.605,5,
172.0058,-43.6356,2.641,5,
172.28836,-43.56548,3.391,8.9693,
172.3394,-43.60327,2.911,12,
172.09613,-43.61114,2.402,3,
172.13251,-43.49569,3.48,8.8173,
172.1843,-43.45299,2.639,5,
172.16507,-43.5093,2.184,5,
172.28122,-43.56471,3.002,5,
172.4545,-43.61432,2.97,12,
172.4621,-43.63038,2.514,3.9764,
172.35638,-43.60094,2.401,5,
172.18262,-43.47612,2.584,5,
171.95984,-43.62115,2.974,3,
172.40942,-43.54927,3.255,7.3071,
171.88049,-43.56316,2.606,13.4637,
172.20399,-43.64301,2.725,5,
172.10735,-43.60278,2.65,5,
171.71867,-43.54746,3.775,13.0227,
171.8725,-43.6081,2.884,5,
172.44447,-43.6275,2.97,5,
172.28462,-43.56189,2.512,3,
172.20888,-43.57295,2.559,5,
172.17586,-43.48945,2.754,5,
171.94395,-43.56361,3.123,5,
172.18729,-43.54075,2.353,5,
172.43188,-43.52438,2.4,9.0101,
172.36684,-43.56763,2.454,5,
171.91595,-43.54303,2.752,2.8986,
172.35307,-43.56174,3.318,6.0025,
172.16728,-43.60006,3.65,9.7817,
172.36034,-43.57512,2.641,5,
172.16905,-43.46141,3.242,5,
172.13467,-43.4249,3.478,6.6853,
172.31882,-43.57853,2.677,5,
172.36644,-43.57359,2.881,5,
172.18394,-43.44949,3.537,5.5331,
172.46385,-43.6242,2.645,5,
172.38896,-43.58567,2.53,5,
172.46806,-43.61501,2.556,3,
172.15135,-43.59487,3.927,6.0303,
172.09862,-43.33559,2.896,5,
172.38304,-43.56069,3.758,8.5137,
172.53505,-43.5249,3.4,18.7759,
172.41202,-43.61956,2.777,18.3915,
171.9325,-43.55859,3.014,5,
171.93559,-43.54901,3.008,5,
171.72896,-43.56557,2.731,5,
172.37892,-43.5643,3.004,3,
172.06644,-43.56297,3.332,8.5972,
172.34068,-43.60088,2.438,5,
172.38551,-43.5771,2.51,12,
172.14275,-43.44202,2.678,8.7781,
172.40364,-43.56105,2.432,12,
172.21645,-43.61994,2.609,3,
172.39511,-43.62747,3.646,8.6718,
171.89792,-43.57962,2.698,5,
172.27377,-43.5831,2.566,3,
172.07594,-43.60781,2.771,5,
172.36543,-43.64577,3.186,5,
172.17398,-43.5445,2.663,5,
172.35982,-43.5957,2.648,5,
172.18512,-43.60927,2.514,5,
172.15454,-43.42163,2.673,5,
171.89462,-43.6036,3.092,5,
172.4019,-43.56191,4.3,9.324,
172.50092,-43.61507,2.57,11.718,
172.32045,-43.57207,2.598,17.0943,
172.37103,-43.57177,2.7,5,
172.37695,-43.56195,2.895,5,
172.28047,-43.62717,2.454,5,
172.16357,-43.45596,2.742,5,
172.27672,-43.58072,2.445,3,
172.07388,-43.6065,2.574,5,
172.40561,-43.58317,3.316,6.9376,
172.43008,-43.54607,3.154,12,
172.34569,-43.59161,2.872,5,
171.98843,-43.57682,2.418,5,
172.32777,-43.53852,3.496,7.4925,
172.29654,-43.56627,2.668,12,
171.88667,-43.5627,3.115,5,
172.4826,-43.62358,2.637,5,
172.37885,-43.55983,3.739,5.5358,
172.27338,-43.57288,2.822,5,
172.3183,-43.53407,2.554,2,
172.14282,-43.48438,4.3,8.7677,
172.28809,-43.60363,2.516,5,
171.8605,-43.59803,3.024,5,
172.04156,-43.59733,2.778,2,
172.25377,-43.60587,2.806,5,
171.9532,-43.55488,2.502,5,
172.15288,-43.57272,2.963,5,
172.24489,-43.60568,2.391,5,
172.08841,-43.60254,2.64,5,
172.44148,-43.63482,2.826,5,
172.42197,-43.59809,2.431,3,
172.16914,-43.58216,2.855,5,
172.3513,-43.59584,3.743,10.7405,
171.90036,-43.55429,3.114,5,
172.30635,-43.54722,3.602,9.1888,
171.88106,-43.57154,2.846,5,
171.97101,-43.52423,2.397,5,
172.17006,-43.51339,2.637,5,
172.367,-43.64837,2.602,5,
172.40741,-43.63651,3.291,9.206,
172.3416,-43.59602,3.475,9.666,
171.89236,-43.59226,2.874,5,
172.40195,-43.57739,4.012,6.8551,
172.70235,-43.59204,4.7,7.4851,
172.59624,-43.58949,3.113,5,
172.35063,-43.6123,3.374,5,
172.62892,-43.57989,2.69,5,
172.1685,-43.60662,2.59,3,
172.68251,-43.58176,3.879,7.507,
172.18419,-43.46335,2.552,5,
171.84875,-43.58932,2.963,5,
172.08501,-43.59991,2.548,5,
172.38153,-43.55746,4,6.9385,
172.06949,-43.6046,2.759,5,
172.13066,-43.6144,2.68,5,
172.31285,-43.59966,3.558,10.0255,
172.68999,-43.58127,3.8,7.1612,
172.20192,-43.61151,2.57,5,
172.26337,-43.61356,3.378,9.0842,
172.31383,-43.60743,2.682,5,
172.38249,-43.58959,2.637,3,
172.15965,-43.60064,2.477,5,
172.4469,-43.62891,2.934,3,
172.0844,-43.60395,2.586,5,
172.87256,-43.81368,3.041,33,
172.5502,-43.601,2.939,12,
172.18065,-43.56829,2.615,5,
172.41354,-43.83591,2.877,3,
172.37231,-43.55384,2.457,3,
172.71924,-43.56173,2.735,5,
172.42554,-43.53149,2.63,5,
171.91585,-43.58641,2.79,5,
172.40752,-43.58302,3.246,6.1862,
172.16093,-43.43553,2.67,5,
172.50983,-43.64353,3.188,14.8904,
172.32375,-43.60072,2.884,5,
171.88167,-43.55503,3.7,8.3561,
172.46562,-43.63298,2.823,12,
172.28983,-43.60745,2.824,12,
172.46626,-43.61176,2.854,5,
172.16289,-43.57722,2.244,5,
172.41394,-43.55344,4,8.262,
172.01266,-43.56865,2.755,5,
172.6024,-43.58041,3.082,12,
171.9769,-43.55056,3.238,9.2845,
172.3501,-43.5867,2.463,5,
172.43886,-43.65248,2.605,15.7391,
172.94716,-43.71476,2.807,28.1936,
172.91724,-43.70629,2.922,28.9856,
172.35466,-43.58918,2.475,5,
172.12451,-43.51031,2.655,5,
172.42043,-43.82941,2.777,5,
172.57909,-43.58105,3.337,7.3426,
172.3028,-43.56591,3.233,12,
172.18771,-43.47487,2.599,5,
172.58916,-43.5713,2.785,7.3593,
172.36768,-43.57954,2.716,19.9704,
172.27689,-43.58302,2.464,5,
172.18112,-43.57954,2.672,5,
172.47723,-43.80473,3.169,12,
172.35051,-43.58738,2.82,5,
172.66583,-43.57915,3.013,6.415,
172.46021,-43.64115,3.642,8.8062,
172.15059,-43.58671,2.47,5,
172.72066,-43.54805,2.894,5,
172.18095,-43.31981,2.865,5,
172.231,-43.61035,2.832,5,
172.46252,-43.63556,3.39,7.6997,
172.2818,-43.61408,2.916,12,
172.64108,-43.57646,3.203,5,
172.43382,-43.63728,2.802,5,
171.94829,-43.58239,2.477,2,
172.20778,-43.59237,2.662,5,
172.27463,-43.58088,2.777,5,
172.56996,-43.57947,3.119,5.8458,
172.16786,-43.47035,2.549,5,
172.39639,-43.54146,2.802,5,
172.2114,-43.61654,2.505,5,
172.19119,-43.30622,2.774,3,
172.00404,-43.26368,2.455,8.8615,
172.47514,-43.62017,3.922,9.0254,
172.18944,-43.53986,2.51,5,
172.70546,-43.62131,2.372,20.5987,
173.12973,-43.69793,3.004,12,
172.2718,-43.59626,2.921,5,
172.25162,-43.33458,2.745,5,
172.19469,-43.56748,2.711,3,
172.24713,-43.49894,2.595,12,
172.53056,-43.66232,2.909,12,
172.05663,-43.6234,3.054,5,
172.2285,-43.59882,2.401,5,
171.94676,-43.56811,2.594,12,
172.34235,-43.57624,2.784,5,
172.39943,-43.60103,2.681,5,
172.18657,-43.46129,2.862,5,
171.96272,-43.55995,3.066,5,
172.17838,-43.52188,3.245,9.1759,
172.14497,-43.48487,2.879,8.2637,
172.39963,-43.59509,2.647,2,
172.34784,-43.51048,3.205,6.0212,
172.18506,-43.53716,2.47,5,
171.88454,-43.57747,2.765,5,
172.17061,-43.5964,2.202,5,
171.86099,-43.60773,2.743,5,
172.30038,-43.60141,2.944,12,
172.35141,-43.60211,3.007,5,
171.9751,-43.63441,2.977,5,
172.10887,-43.5862,4,9.3545,
172.14713,-43.47795,2.737,5,
172.67288,-43.57121,3.562,6.4065,
172.0154,-43.56874,2.49,5,
172.18253,-43.49131,2.787,5,
172.28333,-43.5994,3.582,7.3222,
172.37271,-43.54709,2.649,12,
172.36523,-43.51222,2.862,5,
172.37257,-43.59409,3.02,5,
172.21249,-43.61236,2.53,5,
172.47418,-43.63675,2.871,12,
172.37132,-43.60976,2.503,12,
172.16,-43.56017,2.795,5,
172.34273,-43.59135,2.432,5,
172.47566,-43.60078,3.118,8.7685,
172.45515,-43.62322,2.418,5,
172.34915,-43.59518,3.632,8.156,
172.1534,-43.51271,3.9,9.4437,
172.31483,-43.62651,2.519,12,
172.17569,-43.50544,3.8,7.5979,
172.49783,-43.62049,2.975,8.2993,
172.51367,-43.59771,2.666,5,
172.36092,-43.59407,2.433,5,
172.32121,-43.59851,2.701,5,
172.40576,-43.64133,3.088,5,
172.34686,-43.58232,2.763,2,
171.87025,-43.58536,2.417,5,
172.53336,-43.68702,2.549,12,
172.22154,-43.58189,2.518,5,
172.38153,-43.60408,2.754,5,
172.27831,-43.60596,2.94,12,
171.91109,-43.5715,2.836,5,
172.26216,-43.59541,2.826,5,
172.30386,-43.5449,2.657,5,
172.13872,-43.61036,3.3,5,
172.18237,-43.55819,2.297,5,
172.16002,-43.44484,3.635,6.3388,
171.88919,-43.56466,3.2,5,
172.44801,-43.62089,2.698,5,
172.41885,-43.63204,2.907,12,
172.15874,-43.4667,2.737,5,
171.82347,-43.59269,2.504,5,
172.82285,-43.68356,3.22,23.7115,
172.91415,-43.67986,3.351,24.5116,
171.90028,-43.60236,3.226,5,
172.42271,-43.62339,2.82,12,
171.87068,-43.5898,3.196,5,
172.17661,-43.4646,3.463,6.2823,
172.07529,-43.46648,2.914,5,
171.9852,-43.55902,2.623,5,
172.39961,-43.51543,3.071,2,
171.89838,-43.60508,2.839,5,
172.25029,-43.57351,2.708,5,
172.45645,-43.62772,2.505,5,
172.16252,-43.49704,3.795,8.163,
172.1487,-43.60117,3.687,7.1285,
172.1711,-43.58183,3.036,5,
171.89592,-43.32477,4.123,11.1123,
172.2467,-43.61169,2.518,5,
172.53844,-43.62102,3.109,12,
171.95,-43.55725,2.654,5,
172.11819,-43.48333,2.914,5,
172.16267,-43.46562,2.907,5,
172.32292,-43.58001,2.752,5,
172.69353,-43.56112,2.781,7.6591,
171.90707,-43.33663,2.799,9.7403,
171.91566,-43.34045,2.189,10.393,
172.05925,-43.6068,2.714,5,
172.36668,-43.75178,2.556,5,
172.37135,-43.61192,2.809,5,
172.09897,-43.59776,3.14,5,
172.38168,-43.56386,2.589,5,
172.79938,-43.59211,2.761,5,
172.19107,-43.49599,2.683,5,
172.16191,-43.61191,2.934,5,
172.17882,-43.57513,2.746,5,
171.93665,-43.52303,2.532,5,
172.39252,-43.59872,2.814,5,
172.36401,-43.60868,3.6,6.6417,
172.0042,-43.24848,2.779,5,
172.35001,-43.54745,2.835,5,
172.15419,-43.60249,3.344,6.3661,
172.29436,-43.56363,3.268,5,
172.3524,-43.58697,2.998,5,
172.39856,-43.56206,3.081,5,
172.58452,-43.58892,3.8,7.2129,
172.38043,-43.56489,2.579,5,
172.1821,-43.64781,3.44,9.2655,
172.38586,-43.58316,2.891,5,
172.4071,-43.61858,3.355,6.0666,
172.41763,-43.5494,2.651,5,
172.12054,-43.61297,2.71,5,
172.58684,-43.58503,3.447,6.6716,
172.57527,-43.58951,3.195,5,
171.85582,-43.59015,2.8,5,
171.94604,-43.5412,3.711,8.6187,
172.39993,-43.60197,3.07,5,
172.1582,-43.61616,2.578,5,
172.215,-43.54198,2.984,12,
173.06447,-43.71725,3.747,26.1338,
172.41219,-43.55002,3.7,8.5218,
171.87714,-43.57917,3.041,5,
172.12213,-43.43512,2.825,5,
172.46729,-43.54942,3.047,12,
172.29819,-43.57792,2.678,5,
172.48103,-43.56088,2.793,12,
172.42036,-43.54745,2.883,20.0184,
172.35399,-43.58827,2.725,5,
172.16217,-43.45824,2.622,5,
172.05443,-43.60091,3.434,7.6355,
172.40036,-43.579,3.9,8.5696,
173.19609,-43.55324,2.74,5,
172.71094,-43.59552,3.013,12,
172.19023,-43.51322,2.699,5,
172.24931,-43.59133,2.673,5,
172.06262,-43.60512,2.486,5,
172.12244,-43.4837,3.02,5,
172.40994,-43.54797,2.723,5,
171.92209,-43.46677,2.867,12,
172.20515,-43.61043,2.544,5,
172.19283,-43.44839,2.927,5,
171.89369,-43.54577,3.598,9.2106,
172.39735,-43.55322,2.765,5,
172.18951,-43.56206,3.331,8.8975,
172.25819,-43.60109,3.234,7.773,
172.18689,-43.48919,2.501,5,
171.87679,-43.58387,2.665,5,
172.19582,-43.59182,3.069,12,
172.40518,-43.55622,3.069,5,
172.11269,-43.42229,3.963,8.6023,
172.02536,-43.58649,3.491,9.2506,
172.39915,-43.57545,4.2,9.0165,
172.5643,-43.58332,2.946,5,
172.4446,-43.64554,2.953,3,
172.17377,-43.48917,2.698,5,
172.11497,-43.40508,2.667,5,
172.92096,-42.66803,3.499,5,#this is our outlier
171.89792,-43.60205,2.585,5,
172.56999,-43.59243,3.021,5,
172.32809,-43.54227,2.575,5,
172.2997,-43.61117,3.065,5,
172.45383,-43.62701,2.832,5,
171.91078,-43.59276,2.93,5,
171.86392,-43.582,2.583,5,
172.1757,-43.46328,3.042,5,
172.39517,-43.57084,2.819,5,
172.32918,-43.60554,2.632,5,
172.40323,-43.53659,2.697,5,
171.87766,-43.57034,2.832,5,
172.66093,-43.55935,3.328,4.929,
172.43016,-43.63506,3.552,9.2268,
172.37511,-43.61072,2.904,15.8436,
171.80388,-43.56639,2.576,5,
172.44502,-43.86618,2.434,5,
172.41708,-43.60007,2.783,5,
172.91292,-43.72765,2.83,27.9434,
172.47261,-43.66306,2.916,15.0553,
172.57051,-43.49605,2.694,5,
172.4798,-43.6147,2.716,15.9299,
172.158,-43.59053,2.766,5,
172.08859,-43.50563,3.244,8.3821,
172.12715,-43.43557,3.288,7.2584,
171.7477,-43.59368,2.882,5,
172.27101,-43.57436,2.316,5,
171.92986,-43.54666,2.725,5,
171.97569,-43.57244,2.465,5,
172.15097,-43.61997,2.519,5,
172.54558,-43.62925,2.844,5,
172.48569,-43.6602,3.159,12,
172.39507,-43.62534,3.503,7.92,
172.18591,-43.6067,2.876,5,
172.20935,-43.61684,2.161,5,
172.20914,-43.59906,3.717,9.618,
172.19395,-43.56443,2.619,5,
172.09943,-43.62333,2.104,5,
172.24159,-43.59413,2.89,12,
172.24791,-43.6029,2.618,5,
172.29297,-43.53806,2.865,5,
171.92336,-43.56666,3.093,5,
172.16536,-43.4789,3.101,5,
172.37979,-43.62913,2.33,5,
172.43182,-43.60438,2.44,12,
172.60083,-43.63839,2.919,15.9383,
172.15227,-43.55529,3.274,5,
172.48991,-43.64071,3.128,18.5722,
172.04903,-43.57963,2.366,5,
172.15689,-43.5961,2.792,5,
172.36021,-43.57542,2.978,16.6741,
172.41273,-43.54794,3.718,8.6063,
172.46519,-43.63283,3.323,7.0681,
172.49834,-43.56888,2.714,14.2408,
172.25143,-43.59861,2.738,5,
172.42065,-43.61139,3.9,10.9045,
172.39517,-43.62634,3.16,7.8504,
172.42636,-43.53765,2.626,5,
172.32295,-43.53723,2.392,5,
171.97981,-43.52918,2.289,5,
171.87242,-43.57865,2.631,5,
172.35551,-43.56483,2.442,5,
172.38394,-43.62205,2.132,5,
171.90062,-43.58632,2.464,5,
171.89754,-43.56614,3.136,5,
172.369,-43.36597,2.342,5,
172.33429,-43.60344,3.172,5,
172.46672,-43.64834,2.602,15.2474,
172.46904,-43.61364,2.704,19.0948,
171.8849,-43.56703,2.474,5,
172.44795,-43.64781,2.576,5,
171.85738,-43.58034,2.142,5,
172.44858,-43.54964,3.026,16.3618,
171.90958,-43.55048,2.295,5,
171.82098,-43.61896,2.9,5,
172.39175,-43.56599,3.04,5,
172.39388,-43.57048,2.285,5,
172.16258,-43.5994,3.541,5.7774,
172.53001,-43.63042,2.556,12.9389,
172.02744,-43.54929,2.663,5,
172.06958,-43.58489,2.764,5,
172.17314,-43.58288,2.616,5,
172.22935,-43.50145,2.179,5,
172.50197,-43.64132,2.739,12,
172.42299,-43.5951,2.83,5,
172.39732,-43.57388,1.737,19.3633,
172.15559,-43.60115,3.655,5.431,
172.201,-43.56171,2.829,5,
172.17635,-43.52084,2.5,5,
172.18855,-43.65499,2.344,5,
172.34285,-43.5825,2.746,13.8952,
172.4039,-43.60889,2.298,5,
172.52562,-43.59928,2.841,5,
172.39592,-43.56036,3.428,9.6603,
172.11481,-43.60616,1.887,5,
171.86629,-43.56493,2.25,5,
172.10933,-43.60774,2.266,5,
172.23206,-43.61564,2.588,5,
172.19318,-43.48565,3.461,5.5538,
172.45683,-43.60006,2.721,18.7209,
172.41464,-43.58524,2.795,14.7036,
172.16406,-43.47106,3.333,7.5999,
172.30074,-43.58726,1.95,5,
172.44295,-43.55798,2.583,14.485,
172.38646,-43.63077,2.418,5,
172.34781,-43.57504,2.681,19.1408,
172.18053,-43.4557,2.628,5,
172.04706,-43.61198,2.604,5,
172.42076,-43.61214,2.506,5,
172.83081,-43.75861,3.957,26.2196,
172.37593,-43.61444,2.424,5,
172.41342,-43.55449,2.673,5,
172.37607,-43.60088,2.977,12.9773,
172.37816,-43.76894,3.131,5,
172.37364,-43.55294,3.622,6.2605,
172.29788,-43.57125,3.348,7.6674,
172.30215,-43.57195,3.04,5,
172.0471,-43.56956,2.369,5,
172.45827,-43.61956,3.8,7.0916,
172.4631,-43.71142,2.548,5,
172.1114,-43.46975,3.7,6.9564,
172.47069,-43.60836,3.339,6.0489,
172.26645,-43.60717,2.278,20.942,
171.96529,-43.34892,2.606,7.9245,
172.20802,-43.55624,2.87,5,
172.11165,-43.58689,2.728,5,
171.73441,-43.77054,2.927,5,
172.27533,-43.61346,2.552,19.6443,
172.42596,-43.58495,3.307,14.919,
172.3755,-43.5837,3.192,5,
172.28476,-43.56617,2.45,16.6566,
172.50002,-43.6132,2.57,5,
172.22838,-43.61505,2.549,5,
172.19688,-43.54294,2.692,5,
172.38713,-43.55091,2.559,5,
172.12589,-43.59884,2.637,5,
172.28506,-43.57788,2.423,5,
172.42647,-43.5812,2.805,5,
172.18958,-43.49182,2.565,5,
172.44913,-43.61486,2.587,5,
172.01176,-43.27133,2.994,8.4995,
172.19881,-43.55449,2.87,5,
172.38155,-43.57401,3.517,9.6318,
172.31198,-43.59667,3.668,9.1494,
172.12959,-43.53102,2.616,5,
172.24147,-43.61461,2.756,5,
171.88324,-43.55173,2.938,5,
172.36818,-43.61202,3.277,6.424,
172.24759,-43.58943,2.803,5,
172.14839,-43.6134,3.149,5,
172.04109,-43.58376,2.642,5,
171.90402,-43.55144,3.023,5,
172.40196,-43.59403,2.683,5,
172.42188,-43.58788,2.907,5,
172.88257,-43.66441,3.019,23.9181,
171.89786,-43.56095,2.755,5,
172.2753,-43.5583,2.558,5,
172.38753,-43.60191,2.519,5,
172.14359,-43.60294,2.712,5,
172.40274,-43.59506,2.69,5,
171.88487,-43.58791,2.712,5,
172.2773,-43.60794,2.85,5,
172.40088,-43.61297,2.298,5,
172.19154,-43.59987,2.581,5,
172.20082,-43.60848,2.545,5,
172.4821,-43.61829,3.748,7.7299,
172.39104,-43.59973,3.087,5,
171.87068,-43.6049,2.42,5,
172.82095,-43.86544,2.548,22.4648,
172.36554,-43.52806,2.364,5,
172.35371,-43.57821,3.638,17.1143,
172.69348,-43.57384,3.014,5,
172.14952,-43.49202,2.897,9.2486,
172.17818,-43.59241,2.169,5,
172.28342,-43.54189,2.672,5,
171.90781,-43.56168,2.627,5,
172.39246,-43.64082,4.2,9.7135,
172.37878,-43.7812,2.916,5,
172.30576,-43.61341,2.54,14.8539,
172.39781,-43.61494,2.563,5,
172.39145,-43.57417,3.713,7.1101,
172.45093,-43.65061,2.731,12,
172.39542,-43.55092,2.828,5,
172.13309,-43.60902,2.741,5,
171.94533,-43.5677,3.127,5,
172.25551,-43.6147,3.096,5,
172.15381,-43.60437,2.541,5,
172.23396,-43.61772,2.818,5,
172.37535,-43.76675,2.945,5,
172.49957,-43.60468,3.146,5,
172.43752,-43.58867,2.983,5,
172.35016,-43.59142,2.943,5,
171.87512,-43.53609,3.7,10.3699,
172.37404,-43.64511,2.811,5,
171.87703,-43.56743,2.773,5,
172.4666,-43.62654,2.661,5,
172.29915,-43.55391,2.739,5,
172.56152,-43.59312,2.668,5,
172.94386,-43.63733,3.697,24.0275,
172.33482,-43.59412,2.481,5,
172.16501,-43.53239,2.719,5,
172.38385,-43.55626,3.241,6.8983,
172.42052,-43.77138,2.901,12,
172.39449,-43.54493,3.514,6.5023,
172.47794,-43.64327,2.963,15.2108,
172.67303,-43.57917,3.184,7.1107,
172.18887,-43.50059,2.848,7.5032,
172.12115,-43.45336,3.31,6.6135,
172.4404,-43.63146,3.097,3,
172.38864,-43.57585,4.2,8.2252,
171.88762,-43.56807,2.781,5,
172.41855,-43.53515,2.923,5,
172.39322,-43.57403,3.623,7.4165,
172.09653,-43.46101,2.527,5,
172.26021,-43.59931,2.98,5,
172.3998,-43.57139,3.404,6.2128,
172.46059,-43.58968,2.913,14.0138,
172.36633,-43.5834,3.6,10.0723,
172.04359,-43.56594,3.351,9.0715,
172.17012,-43.46537,2.737,5,
172.16145,-43.50161,3.776,9.7578,
172.64915,-43.58346,3.158,6.078,
172.38098,-43.6125,2.562,5,
172.47571,-43.61874,3.536,16.1349,
172.38747,-43.56513,2.821,5,
172.3315,-43.56565,2.853,5,
172.31042,-43.52449,2.741,5,
172.00278,-43.57765,2.973,6.8878,
172.49524,-43.60741,3.7,6.649,
172.26271,-43.59704,2.966,12,
172.39319,-43.56929,3.49,6.7932,
172.46793,-43.63734,2.919,5,
171.95773,-43.5501,2.818,5,
172.19104,-43.54332,3.9,7.0821,
172.20531,-43.62746,2.578,5,
172.21326,-43.61948,3.663,9.0207,
172.09665,-43.5825,3.716,7.8965,
172.10683,-43.59902,3.253,5,
172.33688,-43.53892,2.734,5,
172.15645,-43.46714,2.828,5,
172.26711,-43.55383,3.355,12.63,
172.3335,-43.61541,2.997,5,
172.38478,-43.59322,2.671,5,
172.4126,-43.60536,2.397,5,
172.40802,-43.53983,2.662,13.0606,
172.49736,-43.62455,3.595,8.7457,
172.18503,-43.50525,2.661,5,
172.98987,-43.6112,3.069,12,
171.99261,-43.5745,2.843,5,
172.30537,-43.55682,2.425,5,
172.46812,-43.63958,2.207,5,
172.53535,-43.53394,3.8,15.7226,
172.50269,-43.51495,2.912,5,
172.42325,-43.59815,2.942,5,
172.4957,-43.59906,2.641,5,
172.36969,-43.5812,2.641,5,
171.87251,-43.5766,2.356,5,
171.65346,-43.88177,2.347,12,
172.38025,-43.57814,2.374,5,
172.33516,-43.59112,2.925,5,
172.18069,-43.4799,2.852,5,
172.35657,-43.59095,2.346,5,
171.95438,-43.35443,2.764,7.4917,
172.57835,-43.57869,3.108,5.0506,
172.133,-43.47799,2.741,6.8379,
172.30647,-43.55345,2.619,5,
172.35527,-43.61859,2.249,5,
172.1118,-43.59457,2.706,5,
172.22784,-43.6188,2.579,5,
172.49295,-43.56075,2.926,12,
172.22469,-43.60644,2.632,5,
172.17447,-43.57475,3.185,5,
172.08458,-43.216,2.947,9.0667,
172.17752,-43.54124,2.461,5,
172.19676,-43.50757,3.102,5,
171.85202,-43.59491,2.626,5,
172.31749,-43.60983,2.502,5,
172.33859,-43.60133,2.327,5,
172.29428,-43.55092,2.802,5,
172.3448,-43.62265,2.395,5,
172.33304,-43.59686,2.519,5,
172.03447,-43.58659,2.608,5,
172.3725,-43.56456,2.98,5,
172.41458,-43.56293,3.265,12,
172.14763,-43.56826,3.6,7.9247,
172.15034,-43.57677,2.936,5,
171.84886,-43.57505,2.295,3,
172.39481,-43.62651,2.617,3,
172.39507,-43.57508,2.697,5,
172.6622,-43.57367,2.608,3,
172.38486,-43.58469,2.388,5,
172.11856,-43.45403,3.307,7.1995,
172.24086,-43.62049,2.394,5,
172.32352,-43.53868,2.512,3,
172.07706,-43.61517,2.619,5,
172.38109,-43.56168,3.493,9.171,
172.56412,-43.59452,3,5,
172.26601,-43.61177,2.041,12,
172.45908,-43.62922,3.228,5,
172.48172,-43.61261,2.701,5,
172.16583,-43.60833,2.605,5,
172.37575,-43.61265,2.756,5,
172.23958,-43.61019,2.37,5,
172.44029,-43.58924,3.328,8.4762,
172.026,-43.50193,2.518,5,
172.29802,-43.56603,2.769,5,
172.02829,-43.22586,2.61,10.7533,
172.34604,-43.61364,2.57,5,
172.38087,-43.55815,2.556,5,
172.39529,-43.62675,2.496,5,
172.3708,-43.56452,2.384,5,
171.88094,-43.57714,2.92,5,
171.91875,-43.57597,3.154,5,
171.9534,-43.34408,2.973,8.0204,
172.38097,-43.57735,2.908,5,
172.40648,-43.5879,3.885,7.78,
172.17224,-43.51442,3.247,7.457,
172.40244,-43.5817,3.597,9.3976,
172.17654,-43.46315,2.564,5,
172.29819,-43.55138,3.605,6.9107,
172.38754,-43.56694,2.713,5,
172.35855,-43.57609,3.664,5.4783,
172.30402,-43.55276,2.622,5,
172.62117,-43.58611,2.728,5,
172.36925,-43.57579,2.475,5,
172.40247,-43.62541,2.788,5,
172.33493,-43.59781,4.1,9.9226,
172.43365,-43.63242,3.293,2,
171.92949,-43.5354,3.535,8.9206,
172.2028,-43.50204,3.008,5,
172.15636,-43.49944,3.492,8.747,
172.52365,-43.62933,3.139,2,
172.37704,-43.61968,2.718,5,
172.27402,-43.61967,2.37,5,
172.33676,-43.59604,3.9,9.3211,
171.90883,-43.55633,3.575,7.2461,
172.38734,-43.57159,3.202,7.6512,
172.3891,-43.6266,3.529,8.8261,
172.33961,-43.5834,3.061,5,
172.08224,-43.20288,3.192,10.2134,
172.19592,-43.5461,2.999,5,
172.48407,-43.65877,2.643,12,
171.86237,-43.58212,2.954,5,
172.07811,-43.58074,2.656,5,
172.18301,-43.58295,2.566,5,
172.46695,-43.62318,2.907,5,
171.90863,-43.55025,2.73,15.2329,
172.02562,-43.27037,2.837,7.6834,
172.31789,-43.5643,2.555,5,
172.18405,-43.47341,2.904,7.455,
172.3022,-43.5644,3.177,5,
171.65334,-43.83992,2.405,12,
172.45744,-43.62989,2.713,5,
172.39642,-43.57344,4,7.335,
172.42346,-43.52697,3.193,5.8195,
172.38847,-43.63843,3.057,5,
172.4978,-43.62374,3.664,9.0613,
172.42442,-43.53585,3.28,6.6981,
172.16104,-43.59375,2.769,12,
172.16888,-43.44161,2.81,5,
172.16948,-43.47509,2.614,5,
172.41141,-43.5659,2.642,13.2592,
171.84039,-43.56256,2.677,5,
172.35878,-43.59078,3.776,9.6675,
171.7966,-43.53187,2.904,17.5841,
172.37988,-43.56258,3.446,8.7908,
172.43257,-43.60915,3.271,5,
172.35378,-43.50537,2.502,5,
172.44215,-43.59227,2.484,5,
172.1667,-43.56281,2.512,5,
172.39671,-43.63237,3.783,9.005,
172.14153,-43.60456,2.571,5,
172.47815,-43.61757,3.411,8.6471,
172.1348,-43.5653,3.047,12,
172.42503,-43.63413,2.533,5,
172.3913,-43.56915,2.535,5,
172.39267,-43.59841,2.51,5,
172.17696,-43.49127,3.006,5,
172.16106,-43.44758,3.229,5,
172.27371,-43.59869,3.351,7.2595,
172.27338,-43.60501,3.26,6.633,
172.1353,-43.46915,2.648,5,
172.17166,-43.47528,2.677,5,
172.47902,-43.80633,2.606,12,
172.41734,-43.59509,2.613,5,
172.35883,-43.58182,2.483,5,
172.32594,-43.65655,2.435,5,
172.16206,-43.54942,2.743,5,
172.59196,-43.57818,2.549,5,
172.38762,-43.56606,3.755,7.0548,
172.19849,-43.55531,3.246,5,
172.40543,-43.6092,2.648,5,
172.44014,-43.65013,2.554,5,
172.3065,-43.57261,2.653,5,
172.22911,-43.61433,2.579,5,
172.39284,-43.62617,2.321,5,
172.08881,-43.58275,3.485,8.4086,
172.15355,-43.57856,2.991,5,
172.07809,-43.57996,3.328,8.2699,
172.08081,-43.57961,2.594,5,
172.17097,-43.49086,2.546,5,
171.92194,-43.53959,3.585,8.6775,
172.35944,-43.58512,2.697,5,
172.35933,-43.56293,2.624,5,
172.1801,-43.64826,2.537,5,
172.3764,-43.59843,2.337,5,
172.32449,-43.54898,2.814,5,
172.35904,-43.74621,2.627,5,
172.05385,-43.56419,3.8,9.2431,
172.37518,-43.56979,2.554,5,
172.38976,-43.55208,2.558,5,
171.87099,-43.56084,2.862,5,
172.42496,-43.8281,2.534,5,
172.19362,-43.63749,2.252,5,
172.35579,-43.58532,2.495,5,
172.15752,-43.58369,2.46,5,
172.54898,-43.57774,2.698,5,
172.30423,-43.59867,2.936,5,
172.27489,-43.59331,2.308,5,
171.95105,-43.53613,3.077,5,
172.2244,-43.61081,2.646,5,
172.5217,-43.57969,4,9.6734,
172.4472,-43.64401,2.546,5,
172.4299,-43.65896,2.781,5,
172.41212,-43.54744,3.533,8.7625,
172.37511,-43.60305,2.613,5,
172.46161,-43.63757,2.624,5,
172.21355,-43.63202,2.574,5,
172.18156,-43.59454,3.052,5,
172.41209,-43.61732,2.599,5,
171.8465,-43.5782,2.719,5,
172.26074,-43.63174,3.242,5,
171.88319,-43.56139,2.809,5,
172.45328,-43.64479,2.766,12.9438,
171.90024,-43.60568,2.529,5,
172.49696,-43.62751,4,9.0591,
172.45634,-43.6311,2.873,5,
172.35147,-43.64045,2.667,5,
172.32814,-43.60479,2.525,5,
172.49805,-43.6258,3.8,9.1425,
172.485,-43.55625,3.17,12,
172.53197,-43.53948,3.198,12,
172.45738,-43.63943,2.716,5,
172.48138,-43.51874,2.694,5,
172.4292,-43.56901,3.316,8.4468,
172.36449,-43.59921,2.657,5,
172.14981,-43.42074,2.712,10,
172.47485,-43.62035,3.575,6.9201,
172.498,-43.59786,2.976,5,
172.39522,-43.57157,3.388,6.0473,
171.56946,-43.61909,2.719,5,
172.35593,-43.62946,2.635,5,
172.51579,-43.4173,2.949,5,
172.19493,-43.6149,2.925,5,
172.37746,-43.60158,3.144,5,
171.85405,-43.58238,2.559,5,
172.29817,-43.56733,2.854,5,
172.32872,-43.67005,2.506,5,
172.33214,-43.55766,2.9,5,
172.34721,-43.65412,2.992,5,
172.26155,-43.60505,3.628,9.4105,
172.1581,-43.44985,3.382,7.742,
171.93126,-43.5384,3.226,7.5261,
172.21042,-43.57071,2.818,5,
172.18767,-43.52143,2.588,5,
172.07016,-43.60709,2.796,5,
172.44733,-43.6378,2.836,5,
172.18951,-43.57847,3.007,5,
172.18526,-43.60326,2.894,5,
171.8772,-43.56657,3.127,5,
172.37022,-43.60397,2.497,5,
172.28075,-43.58571,3.433,5.6572,
171.85123,-43.57046,2.776,5,
172.24307,-43.61726,3.044,5,
172.17218,-43.51115,2.744,5,
171.8531,-43.57262,3.125,5,
172.17561,-43.57375,2.546,5,
172.19368,-43.53574,3.305,7.9586,
172.48433,-43.58327,2.907,5,
172.34843,-43.60033,3.8,9.3978,
172.33147,-43.60471,3.161,5,
172.16214,-43.61901,3.114,5,
172.39027,-43.54884,2.552,5,
172.17883,-43.50536,3.642,6.8558,
172.32176,-43.59968,2.511,5,
172.39421,-43.55883,3.772,7.568,
171.9064,-43.5463,2.482,5,
171.87938,-43.54496,2.653,12,
172.14194,-43.47785,3.202,7.6223,
172.15305,-43.62008,2.898,5,
171.88925,-43.56961,2.546,5,
172.34897,-43.60279,3.7,9.5349,
172.12801,-43.49496,3.928,9.1796,
172.45108,-43.53805,3.8,10.1353,
172.17029,-43.51118,2.699,6.6737,
172.07314,-43.25839,3.108,5,
172.48137,-43.62645,4,8.632,
172.48387,-43.62374,4.2,8.2178,
172.21593,-43.61125,2.65,5,
172.39426,-43.60819,2.605,5,
172.47899,-43.61845,3.478,8.742,
172.46935,-43.62819,3.004,5,
172.59026,-43.59346,3.1,5,
172.45834,-43.62963,2.748,5,
172.46422,-43.63302,2.558,5,
171.85426,-43.57585,2.84,5,
171.93001,-43.5296,4.1,7.8975,
172.46555,-43.64244,3.303,8.2459,
172.35657,-43.61292,2.538,5,
172.07413,-43.25967,2.714,5,
172.47992,-43.61401,3.467,7.5951,
172.37866,-43.5504,2.68,12,
172.60747,-43.46014,2.613,12,
172.0336,-43.59846,2.783,5,
172.16248,-43.58556,2.826,5,
172.3286,-43.63504,2.701,5,
172.61177,-43.58517,3.021,5,
172.39891,-43.60594,2.518,5,
172.27682,-43.60852,3.137,5,
172.18987,-43.5019,2.763,5,
172.4736,-43.61683,2.874,5,
172.4613,-43.62231,2.616,5,
172.96971,-42.90626,2.685,5,
172.41093,-43.55717,3.411,8.2382,
171.93867,-43.56347,2.753,5,
172.4621,-43.6298,2.786,5,
172.22017,-43.60986,2.813,5,
172.40694,-43.55934,3.311,4.6802,
172.42586,-43.53765,3.485,6.5567,
172.39491,-43.56367,2.995,5,
172.40858,-43.55372,2.883,5,
172.36629,-43.5837,2.744,5,
171.93776,-43.51758,3.744,7.478,
172.24968,-43.62548,2.771,5,
172.16298,-43.44667,3.136,7.1603,
172.38347,-43.55823,2.939,5,
172.4892,-43.61357,3.793,6.9095,
172.49135,-43.61224,3.314,6.933,
172.10173,-43.58943,3.905,6.8519,
172.45111,-43.62557,2.607,5,
172.35307,-43.58906,2.665,5,
171.94205,-43.53455,2.902,5,
172.39388,-43.59793,2.686,5,
172.33778,-43.60038,2.859,5,
172.50549,-43.42126,2.584,5,
172.43581,-43.56532,2.655,5,
172.09711,-43.48542,2.775,5,
172.35104,-43.59518,2.578,5,
172.30652,-43.55874,3.506,10.0898,
172.00359,-43.27063,2.9,5,
172.27298,-43.6067,2.804,5,
172.007,-43.25029,2.697,5,
172.39322,-43.58363,3.59,8.9491,
172.16483,-43.43381,2.769,5,
172.30659,-43.57426,2.724,5,
172.37366,-43.59018,3.031,5,
172.36176,-43.60196,2.614,5,
172.48112,-43.61628,3.18,7.7505,
172.38734,-43.62596,2.481,5,
172.1209,-43.50688,2.908,5,
172.29959,-43.50623,2.861,5,
172.31252,-43.63754,2.618,5,
172.29794,-43.55166,2.704,5,
172.3093,-43.62194,2.833,5,
171.87732,-43.59752,2.821,5,
171.97961,-43.49771,2.618,12,
172.05991,-43.57386,2.929,5,
172.32832,-43.6048,3.086,5,
172.07515,-43.3821,3.031,7.4994,
172.55362,-43.58834,2.629,5,
172.16005,-43.58693,2.179,5,
172.46828,-43.61269,2.721,5,
172.46313,-43.63152,3.112,5,
172.42741,-43.53995,3.921,7.7827,
172.42789,-43.53702,3.46,8.12,
172.29254,-43.55919,2.877,5,
172.40166,-43.55009,3.201,11.6303,
172.35756,-43.59536,3.311,10.9419,
171.93425,-43.54845,2.746,5,
172.40237,-43.55805,2.725,5,
172.43439,-43.53542,3.214,7.9818,
172.3701,-43.57035,2.905,5,
172.51671,-43.46249,2.759,5,
172.5439,-43.59127,2.698,5,
172.37025,-43.59906,3.046,5,
172.17435,-43.61348,2.885,5,
172.09468,-43.59772,3.115,5,
172.36382,-43.74562,2.715,5,
172.18587,-43.56147,2.86,5,
172.59123,-43.46101,2.197,5,
172.07632,-43.46775,2.74,5,
172.16394,-43.45958,3.328,6.8197,
172.16057,-43.45932,4.1,6.6793,
172.23381,-43.60684,2.728,12,
172.17955,-43.45948,3.002,5,
172.39008,-43.55629,2.72,5,
172.22012,-43.59514,2.81,5,
172.64815,-43.57431,2.875,7.1115,
172.37079,-43.61642,2.83,5,
172.38541,-43.62434,2.768,5,
172.43193,-43.55662,2.886,5,
172.16553,-43.528,3.038,5,
172.33487,-43.62828,2.457,5,
172.13687,-43.47448,2.596,5,
172.20276,-43.58467,2.577,5,
172.08215,-43.60114,2.731,5,
172.36768,-43.59379,2.678,5,
172.17738,-43.5192,2.533,5,
171.88565,-43.56315,2.291,5,
172.674,-43.40966,3.361,5,
172.37161,-43.56417,3.096,5,
172.19157,-43.55822,2.694,5,
172.16533,-43.49281,2.74,5.9346,
172.34499,-43.58444,2.696,5,
172.35393,-43.62042,2.986,5,
171.83939,-43.56678,3.129,7.0057,
172.60654,-43.5894,2.852,5.7216,
172.49506,-43.60651,2.698,5,
172.34485,-43.59789,2.918,5,
172.40599,-43.59257,3.321,7.3115,
172.29401,-43.603,2.499,5,
172.39372,-43.58726,4.2,9.6229,
172.10677,-43.59515,3.066,5,
172.16231,-43.43963,2.471,5,
172.0457,-43.62429,2.826,5,
172.39,-43.58281,3.931,9.0351,
172.0871,-43.60051,3.959,6.0387,
172.61472,-43.59496,2.564,5,
172.33597,-43.64905,2.671,5,
172.47676,-43.61751,3.415,7.0601,
172.46677,-43.54853,2.83,5,
171.87814,-43.55125,2.531,5,
172.35757,-43.58402,2.829,5,
172.15234,-43.52889,2.679,5,
172.35213,-43.58258,3.043,5,
172.36195,-43.58491,3.034,5,
172.37376,-43.59134,3.113,5,
172.44974,-43.62254,2.536,5,
172.13553,-43.47467,2.791,5,
172.16208,-43.46151,2.855,5,
172.27354,-43.61847,2.664,5,
172.2431,-43.59991,3.412,9.2061,
172.4619,-43.6222,2.895,5,
172.2516,-43.60983,2.568,5,
171.88235,-43.54019,2.486,5,
172.33055,-43.63223,2.565,5,
172.04433,-43.60889,2.733,5,
172.41618,-43.62925,2.886,5,
171.86592,-43.57967,2.781,5,
171.85347,-43.58656,2.692,5,
171.8831,-43.5495,2.725,5,
172.30832,-43.59583,3.275,8.5156,
172.38008,-43.61782,2.772,5,
172.45557,-43.63326,2.786,5,
172.4782,-43.61762,2.984,5,
172.31462,-43.61803,2.625,5,
172.17157,-43.58335,2.921,5,
172.45802,-43.6323,2.498,5,
172.03784,-43.31122,2.835,5,
172.39255,-43.57683,2.844,5,
172.20047,-43.53191,3.341,9.381,
172.31503,-43.58987,2.656,5,
172.30977,-43.58626,3.273,6.7405,
171.914,-43.57205,2.697,5,
172.19354,-43.54312,2.793,5,
172.38112,-43.58043,3.081,5,
172.26878,-43.61911,2.937,5,
172.45067,-43.63298,2.593,5,
172.38408,-43.5793,3.037,5,
172.26688,-43.58791,2.563,5,
172.16734,-43.45999,2.752,5,
172.60173,-43.59192,2.873,5,
172.36566,-43.58527,2.935,5,
172.29489,-43.57388,2.575,5,
171.84435,-43.58808,3.056,5,
172.39087,-43.55341,2.559,5,
172.39885,-43.62668,2.534,12,
172.01338,-43.5661,3.142,5,
171.84839,-43.59161,2.727,5,
172.3709,-43.59464,2.342,5,
172.27895,-43.57742,2.541,5,
172.45151,-43.63843,2.624,5,
172.35631,-43.59219,2.597,5,
172.09117,-43.46286,2.574,5,
171.98991,-43.55344,2.707,5,
172.41188,-43.57209,2.651,5,
172.49181,-43.60254,2.68,5,
172.33878,-43.43254,2.616,5,
172.37457,-43.57877,2.566,5,
172.41791,-43.61681,2.545,5,
172.18204,-43.50587,2.572,5,
172.46747,-43.63481,2.841,5,
172.37538,-43.5684,2.881,5,
172.38916,-43.58305,2.563,5,
172.36557,-43.65638,2.392,5,
172.394,-43.56394,2.36,5,
172.13557,-43.57526,3.305,6.3708,
172.12291,-43.59602,2.837,5,
172.38194,-43.5721,2.774,5,
172.37573,-43.7826,3.168,5,
172.00763,-43.26411,3.328,8.4206,
172.45961,-43.63984,2.641,5,
172.58022,-43.55917,2.318,5,
172.00461,-43.26491,3.343,8.5626,
172.0054,-43.26432,2.91,8.8904,
172.34857,-43.5831,2.676,5,
172.39632,-43.57876,2.677,5,
172.40997,-43.65213,2.788,5,
172.45316,-43.63129,2.668,5,
172.24532,-43.63742,2.754,5,
172.04872,-43.61277,2.619,5,
172.15996,-43.46024,3.169,7.7606,
172.44266,-43.86072,2.596,5,
172.14085,-43.44785,2.925,5,
172.14418,-43.61944,2.777,5,
172.35724,-43.58942,2.404,5,
172.48331,-43.52751,2.418,5,
172.41649,-43.62866,2.606,5,
172.15854,-43.61832,2.652,5,
172.32059,-43.62448,2.91,5,
172.47028,-43.62929,2.795,5,
172.24298,-43.6093,2.866,5,
172.68719,-43.55576,2.491,6.1689,
172.13937,-43.61291,2.393,5,
172.23141,-43.60585,2.36,5,
172.1454,-43.62285,3.209,5,
171.95616,-43.54857,2.575,5,
172.46646,-43.61758,2.819,5,
172.35774,-43.60247,2.879,5,
172.1658,-43.64011,2.878,5,
172.3085,-43.6241,2.84,5,
172.29468,-43.60185,2.741,5,
172.39018,-43.55953,4.2,8.4387,
172.36852,-43.57121,2.7,5,
172.36792,-43.56709,2.612,5,
171.90048,-43.54502,2.472,5,
172.20648,-43.38461,2.753,5,
172.24184,-43.60944,2.614,5,
172.6306,-43.58343,2.976,6.0266,
172.35252,-43.61927,2.633,5,
171.88185,-43.56099,2.626,5,
172.11652,-43.45108,2.792,5,
172.38268,-43.56874,2.793,5,
172.32814,-43.60268,2.686,5,
172.4731,-43.6343,2.604,5,
171.8623,-43.59724,2.494,5,
172.37595,-43.60579,2.532,5,
172.34798,-43.43252,2.472,5,
172.12094,-43.38533,2.748,5,
172.48996,-43.58127,2.547,5,
172.29309,-43.58316,2.447,5,
172.50867,-43.60293,2.681,5,
172.13049,-43.50592,2.865,5,
172.12785,-43.40109,2.605,5,
172.34048,-43.60065,2.767,5,
172.29361,-43.58832,3.217,12,
172.34599,-43.57858,2.673,5,
172.36163,-43.60214,2.375,5,
172.17516,-43.58344,2.396,5,
172.15723,-43.59133,2.743,5,
172.1288,-43.37527,2.62,5,
172.33885,-43.59803,2.806,5,
172.418,-43.67034,2.86,5,
171.85551,-43.57745,2.644,5,
172.08833,-43.0116,3.9,5,
172.07597,-43.01402,2.635,5,
171.67024,-43.55387,3.59,5,
172.17827,-43.45279,2.652,5,
172.22893,-43.6366,2.583,5,
171.80713,-43.55483,3.113,5,
172.15587,-43.48024,2.57,5,
172.47896,-43.61874,3.557,6.209,
172.42816,-43.54459,3.216,9.557,
172.16827,-43.51386,2.856,6.4519,
172.23137,-43.62307,2.236,5,
172.32515,-43.63478,2.562,5,
172.64479,-43.59056,2.464,5,
172.38962,-43.61207,2.421,5,
172.55417,-43.61635,2.548,5,
171.68874,-43.58343,2.682,5,
172.29799,-43.61482,2.682,5,
172.15456,-43.47282,2.577,5,
172.2803,-43.57175,2.527,5,
172.28616,-43.58291,2.556,5,
172.28795,-43.60438,2.668,5,
172.52342,-43.62106,2.731,5,
172.31859,-43.61629,2.61,5,
172.30707,-43.61229,3.214,5,
172.2095,-43.58003,2.851,5,
172.33702,-43.65303,2.793,5,
172.28618,-43.5646,2.531,5,
172.40398,-43.60469,2.514,5,
171.75439,-43.60357,2.533,5,
172.62433,-43.62214,2.86,2,
172.14426,-43.58683,2.527,5,
172.12025,-43.48816,2.834,5,
172.24283,-43.576,3.059,5,
172.43501,-43.60848,3.17,16.0175,
171.67715,-43.5718,2.516,5,
172.53241,-43.40732,3.114,5,
172.45367,-43.62066,3.067,2,
172.77802,-43.76042,2.42,19.1838,
172.06448,-43.61066,2.605,5,
172.41925,-43.61833,2.541,5,
172.37112,-43.58187,2.923,5,
171.87016,-43.55201,2.704,5,
172.59874,-43.5612,2.286,8.1079,
172.07797,-43.60486,2.424,5,
172.35147,-43.65432,2.714,5,
171.82246,-43.59976,2.695,2,
172.33563,-43.61592,2.655,5,
172.21608,-43.61236,2.565,5,
172.39462,-43.61813,3.574,7.1391,
172.63127,-43.58485,2.736,5,
172.34381,-43.58229,3.061,5,
172.35664,-43.58657,2.798,5,
172.45268,-43.64052,2.648,5,
172.40022,-43.62911,3.678,8.8007,
172.4073,-43.61613,2.6,5,
172.0397,-43.61446,2.61,5,
171.9431,-43.54206,3.471,7.357,
171.92038,-43.56189,2.508,5,
172.37782,-43.55983,2.782,5,
172.20035,-43.62238,2.961,5,
172.40208,-43.54152,3.503,6.0003,
172.40344,-43.53078,2.864,5,
172.1993,-43.53154,2.735,5,
172.37238,-43.61102,2.873,5,
172.32176,-43.60974,3.103,5,
172.37093,-43.62535,2.88,5,
172.2261,-43.60348,2.797,5,
172.38351,-43.62695,2.568,5,
172.05664,-43.5988,2.471,5,
172.41684,-43.60736,3.36,8.3602,
172.60773,-43.5925,3.227,5,
172.4769,-43.61327,3.741,6.7767,
172.39984,-43.61047,2.427,5,
172.37245,-43.65516,2.852,5,
172.14505,-43.55206,2.627,5,
172.06377,-43.59909,2.978,5,
172.34062,-43.6218,2.782,5,
172.35472,-43.60522,2.765,5,
172.05687,-43.58107,3.148,5,
172.61555,-43.44803,3.438,7.9293,
171.90363,-43.55626,2.554,5,
172.42549,-43.56877,2.605,5,
172.15988,-43.59753,2.34,5,
172.16982,-43.50904,2.797,5,
171.92244,-43.54157,2.498,5,
172.4102,-43.58722,2.693,5,
171.94217,-43.57075,2.581,5,
172.40239,-43.61841,2.366,5,
172.41658,-43.5514,2.355,5,
171.97882,-43.52352,2.453,5,
171.84921,-43.57239,2.463,5,
172.36049,-43.56446,2.537,5,
172.40985,-43.63206,2.499,5,
172.3652,-43.6778,2.4,5,
171.35031,-42.89363,2.623,5,
172.42474,-43.58749,2.63,5,
171.74252,-43.54914,2.651,5,
172.36649,-43.60217,2.372,5,
171.9458,-43.54522,2.924,5,
172.31793,-43.55196,2.311,5,
172.44571,-43.64908,2.651,5,
172.44482,-43.64883,3.035,5,
172.18311,-43.60007,2.683,5,
172.17166,-43.46267,3.11,5,
172.19435,-43.57332,3.216,5,
171.89041,-43.5753,2.436,5,
172.18938,-43.5593,2.758,5,
172.37755,-43.57727,2.84,5,
172.3286,-43.61222,2.727,5,
172.17378,-43.44665,3.482,6.3681,
172.27264,-43.59252,2.438,5,
172.61594,-43.43911,2.644,5,
172.46858,-43.6232,2.721,5,
172.56197,-43.46947,2.486,5,
172.03421,-43.59301,2.763,5,
172.11731,-43.59457,2.487,5,
172.14709,-43.47636,2.516,5,
171.89577,-43.54804,2.405,5,
172.38982,-43.57693,3.776,7.7874,
172.40062,-43.57546,2.304,5,
172.44948,-43.63254,3.207,5,
172.60368,-43.59851,2.731,5,
172.60686,-43.58828,2.694,5,
172.38565,-43.56565,3.6,6.1694,
172.03656,-43.58175,2.615,5,
172.08792,-43.6065,2.66,5,
172.36063,-43.56276,3.359,6.6041,
172.04861,-43.58118,3.039,5,
172.36583,-43.55764,2.367,5,
172.15039,-43.47844,2.909,5.6388,
172.14888,-43.48023,2.632,5,
172.17917,-43.51057,2.651,5,
172.17177,-43.60196,2.718,5,
172.465,-43.43431,2.611,5,
172.40266,-43.61818,3.6,11.1127,
172.16031,-43.4687,3,5,
172.47144,-43.60862,2.641,5,
172.12015,-43.38378,3.134,6.0371,
172.5773,-43.47338,2.44,9.1891,
172.41937,-43.62467,2.73,5,
172.60991,-43.45342,3.206,9.4839,
172.40041,-43.60972,3.039,5,
172.31439,-43.6285,3.089,14.7555,
172.18057,-43.51091,2.875,8.8,
172.0798,-43.39585,2.805,8.8624,
172.46272,-43.63993,2.596,5,
171.9256,-43.53992,2.762,5,
172.23547,-43.60591,2.535,5,
172.02209,-43.22447,2.85,6.9942,
172.41095,-43.59651,2.684,5,
172.46606,-43.58541,3.17,12.6086,
172.2001,-43.51902,2.538,5,
171.82248,-43.24113,3.492,5,
172.35638,-43.60751,2.851,5,
172.3819,-43.57519,3.169,5,
172.06372,-43.57298,2.589,5,
172.45242,-43.64118,3.173,5,
172.32797,-43.56215,3.201,5,
172.40834,-43.66,2.682,12,
172.17125,-43.52371,2.712,5,
172.30994,-43.55498,2.952,5,
172.42758,-43.56485,4.1,8.9834,
171.8463,-43.59252,3.074,5,
172.39313,-43.6228,2.728,5,
172.22633,-43.61706,2.77,5,
172.36505,-43.70743,2.628,5,
172.42552,-43.55859,3.427,8.7206,
172.27309,-43.60355,3.319,6.9799,
171.87547,-43.56699,2.894,5,
172.39595,-43.62634,3.438,7.6347,
172.33122,-43.55257,2.765,5,
172.37651,-43.60569,2.603,5,
172.83455,-43.74408,2.931,29.0673,
172.50368,-43.59668,3.329,6.5739,
172.47917,-43.5404,2.601,5,
172.18378,-43.60503,2.698,5,
172.13564,-43.4849,2.368,5,
171.80406,-43.57917,3.154,5,
172.10294,-43.47908,2.978,5.9755,
172.52022,-43.59823,2.844,5,
172.43283,-43.55752,3.3,8.3291,
172.34886,-43.60978,2.62,5,
171.88383,-43.55124,2.61,12,
171.87811,-43.58178,2.624,5,
172.03568,-43.61163,2.513,5,
172.45236,-43.59544,3.185,18.1658,
171.90341,-43.5639,2.77,12,
172.2027,-43.48444,2.938,5,
172.24266,-43.6147,3.15,5,
172.15848,-43.60218,2.556,5,
172.40497,-43.58224,4.2,11.0779,
171.85266,-43.57077,2.564,5,
172.08025,-43.33798,3.137,8.5872,
171.90302,-43.53496,2.537,12,
172.11346,-43.59543,2.823,5,
172.07861,-43.45521,2.827,12,
172.36493,-43.50393,2.957,5,
172.29889,-43.59831,2.614,5,
172.39932,-43.58043,3.343,8.5614,
172.15131,-43.47707,2.628,5,
171.8528,-43.58138,2.516,5,
172.20697,-43.62737,2.798,5,
172.38188,-43.52019,2.607,5,
172.37091,-43.58791,2.308,5,
172.34416,-43.609,2.583,5,
172.21223,-43.63953,2.673,5,
172.4823,-43.50008,3.072,5,
172.54073,-43.60845,2.954,5,
172.34982,-43.60019,2.723,5,
172.17534,-43.64016,2.822,5,
172.12537,-43.51812,2.75,5,
172.32068,-43.60479,2.532,5,
171.90952,-43.58849,3.094,5,
172.1801,-43.54857,2.749,5,
172.61505,-43.58374,2.543,5,
172.39365,-43.62387,3.325,7.5662,
172.38722,-43.57967,3.8,9.0689,
172.39186,-43.57713,3.283,7.32,
172.37602,-43.5892,2.434,5,
172.38173,-43.58727,3.077,5,
172.03981,-43.61512,3.06,5,
172.39182,-43.56149,3.192,5,
172.44246,-43.64197,3.146,5,
172.13684,-43.4838,2.759,5,
171.86006,-43.58574,2.849,5,
172.32228,-43.59495,2.594,5,
171.84056,-43.61299,3.112,5,
172.23004,-43.59855,2.527,5,
172.10735,-43.16637,3.568,5,
172.11551,-43.17266,3.37,5,
172.46379,-43.63832,3.508,9.7922,
171.84103,-43.61463,2.907,5,
172.21056,-43.60815,2.577,5,
172.10938,-43.17824,2.859,5,
172.61949,-43.58354,2.629,5,
171.94965,-43.53838,2.495,5,
172.26764,-43.59991,3.151,5,
172.24767,-43.61668,3.014,5,
172.38153,-43.59954,3.312,6.7058,
172.46135,-43.62658,2.819,5,
172.36989,-43.61729,2.878,5,
172.37251,-43.59733,2.464,5,
172.38156,-43.58857,2.766,5,
172.41371,-43.60641,3.279,9.0993,
172.41408,-43.60995,2.741,5,
172.37891,-43.61502,2.76,5,
172.3812,-43.58879,2.964,5,
172.31123,-43.59316,2.719,5,
172.00967,-43.26625,2.932,8.7944,
172.17018,-43.61375,2.956,5,
172.50204,-43.60728,2.656,5,
172.37419,-43.59466,2.842,5,
172.22554,-43.62795,2.523,5,
172.39841,-43.59818,4,9.4829,
171.8613,-43.56135,3.266,7.9225,
172.11096,-43.17453,2.594,5,
172.3757,-43.59969,3.477,6.6457,
172.12566,-43.47596,2.619,5,
172.13974,-43.61064,2.697,5,
172.01907,-43.56474,2.795,5,
172.40475,-43.55874,2.494,5,
172.36871,-43.60122,2.557,5,
172.47517,-43.55398,2.48,5,
172.35069,-43.65316,2.86,5,
172.15358,-43.58046,3.045,5,
172.22243,-43.58865,2.547,5,
172.0488,-43.57074,3.8,9.4019,
172.3839,-43.58324,2.81,5,
172.39264,-43.57207,3.284,7.8761,
172.26393,-43.57717,2.391,5,
172.02347,-43.55382,3.389,7.7934,
172.15005,-43.60363,2.484,5,
172.16435,-43.54562,3.208,5,
172.19168,-43.54934,2.722,5,
172.37746,-43.76701,2.565,5,
172.3838,-43.77649,3.076,5,
172.43338,-43.66403,2.757,5,
172.38173,-43.77496,2.758,5,
172.64258,-43.52862,3.822,5.0022,
172.54509,-43.5551,2.459,5,
172.65256,-43.53489,3.8,7.427,
172.62767,-43.54179,3.7,6.2442,
172.64326,-43.53899,3.368,6.2238,
172.67892,-43.49372,2.702,5,
172.33017,-43.5945,2.593,5,
172.47888,-43.61594,2.805,5,
172.31412,-43.62429,2.385,5,
172.21571,-43.64744,2.717,5,
171.8598,-43.60262,2.736,5,
172.35619,-43.63644,2.688,5,
172.02417,-43.65273,2.671,5,
172.56213,-43.56456,2.872,5,
172.53551,-43.57649,3.835,7.9493,
172.51187,-43.58891,3.082,5,
172.40836,-43.63645,3.301,9.3839,
172.11938,-43.47109,2.849,5,
171.84454,-43.58292,2.959,5,
172.3849,-43.59055,2.806,5,
172.4222,-43.49216,2.672,5,
172.2735,-43.61349,2.564,5,
172.40182,-43.60815,2.532,5,
171.91989,-43.5574,2.694,5,
172.1942,-43.5353,3.311,7.8551,
172.60025,-43.5358,2.858,4.755,
171.74321,-43.55389,2.968,5,
172.37074,-43.59161,2.59,5,
172.26515,-43.63094,2.957,5,
172.56995,-43.57887,3.905,5.4227,
172.18742,-43.55581,3.584,9.0084,
172.56197,-43.59114,3.161,5,
172.56184,-43.57754,3.127,5,
172.569,-43.56609,2.863,5,
172.41977,-43.54258,2.573,5,
172.28893,-43.62035,2.589,5,
172.30467,-43.5876,3.026,5,
172.56863,-43.57123,3.23,5.3075,
172.57446,-43.58026,3.475,5.4517,
172.30489,-43.60255,2.838,5,
172.29208,-43.56605,2.693,5,
172.5571,-43.5869,2.9,5,
172.26904,-43.61684,2.8,5,
172.17166,-43.52986,2.779,5,
172.37764,-43.5774,2.729,19.0812,
172.27119,-43.58236,2.88,12,
171.8644,-43.56378,3.551,8.2318,
172.17569,-43.59444,2.912,5,
172.56784,-43.58674,2.959,5,
171.7812,-43.61045,2.49,5,
172.32872,-43.54679,2.85,5,
172.37186,-43.63718,3.212,5,
172.20387,-43.57196,2.719,5,
172.40654,-43.5729,2.814,5,
172.16197,-43.61625,2.695,5,
172.16092,-43.47837,2.722,5,
172.17563,-43.47541,2.972,5,
172.36928,-43.56431,2.759,5,
172.56439,-43.6168,2.853,5,
172.29254,-43.56124,2.723,5,
172.03006,-43.61938,2.741,5,
172.35747,-43.58146,2.685,5,
172.15564,-43.48344,2.674,5,
171.96339,-43.34141,3.484,7.8402,
172.44949,-43.64725,3.227,5,
172.46524,-43.63482,3.347,7.1946,
172.35461,-43.62786,2.606,5,
171.83252,-43.58947,2.617,5,
172.06116,-43.60991,2.522,5,
172.26158,-43.6118,2.477,5,
172.2205,-43.61747,2.644,5,
172.15254,-43.46238,2.62,5,
172.6286,-43.46916,2.842,9.782,
172.58595,-43.47593,2.35,8.6763,
171.90407,-43.35684,2.753,5,
172.90813,-43.73812,3.062,22.5569,
172.17447,-43.46309,2.496,5,
172.41661,-43.60035,3.462,8.0364,
172.33063,-43.60468,2.742,5,
172.06131,-43.59237,2.659,5,
172.34122,-43.63824,2.711,5,
172.14531,-43.60375,3.474,7.075,
172.29855,-43.58773,2.602,5,
171.86362,-43.58206,2.774,5,
172.16968,-43.59585,2.627,12,
172.3705,-43.60558,3.061,13.3381,
172.29152,-43.53458,2.607,5,
172.87546,-43.7291,2.849,25.4793,
172.35968,-43.60976,2.766,5,
171.85408,-43.5963,2.4,5,
172.3638,-43.58545,2.53,5,
172.38342,-43.5636,3.229,5,
172.21971,-43.62333,3.129,5,
172.22005,-43.63549,3.559,10.3125,
171.88606,-43.56258,3.628,6.8321,
172.15732,-43.48475,2.611,5,
172.13327,-43.58247,2.541,5,
172.13196,-43.47536,2.414,5,
172.29007,-43.61375,3.34,6.5451,
172.13304,-43.59559,2.599,5,
172.40726,-43.55662,2.828,5,
172.382,-43.56278,3.283,7.7318,
172.57642,-43.5047,2.663,5,
172.35297,-43.58875,2.582,5,
172.57323,-43.50208,3.146,5,
172.38991,-43.5593,3.303,5.0297,
172.17603,-43.55249,2.591,5,
172.00131,-43.54959,3.487,8.7049,
172.38445,-43.55803,2.715,5,
171.99469,-43.56837,2.71,5,
172.13924,-43.62855,2.577,5,
172.36923,-43.69824,2.511,5,
172.48004,-43.62656,2.87,5,
172.57468,-43.46738,2.738,5,
172.57845,-43.46479,2.616,5,
172.57878,-43.47094,3.153,7.318,
172.39375,-43.58278,3.487,9.2799,
172.24876,-43.62566,2.734,5,
172.57379,-43.56274,2.821,5,
172.40971,-43.59517,2.6,5,
172.30559,-43.54625,2.602,5,
172.37206,-43.60968,2.575,5,
172.24828,-43.63486,2.637,5,
172.34448,-43.5794,3.221,5,
172.10461,-43.433,3.8,7.0594,
172.40303,-43.77478,2.664,5,
172.12349,-43.44239,2.725,5,
172.44299,-43.64678,2.53,5,
172.29279,-43.59982,2.972,5,
172.18765,-43.563,2.773,5,
172.40593,-43.57035,2.583,5,
171.92592,-43.55771,2.597,5,
172.39557,-43.63082,3.324,8.2998,
172.42229,-43.65132,2.803,5,
172.31793,-43.62076,2.642,5,
172.34006,-43.64958,3.54,9.2479,
172.36368,-43.6516,2.685,5,
172.11691,-43.17492,2.861,5,
172.38544,-43.60262,2.751,5,
172.15251,-43.58829,2.562,5,
172.4017,-43.34711,2.718,5,
171.86986,-43.63631,2.648,5,
172.39018,-43.57041,2.281,12,
172.25966,-43.60044,2.448,5,
172.05389,-43.57555,2.282,5,
172.29407,-43.60715,3.277,5,
172.35829,-43.64845,2.585,5,
172.10263,-43.61977,2.461,5,
172.47263,-43.62627,3.275,6.9819,
172.10509,-43.17228,2.738,5,
172.16112,-43.51199,3.413,7.4228,
171.94902,-43.2771,2.943,9.1836,
171.81584,-43.63871,3.177,5,
172.38464,-43.57781,3.351,6.292,
172.35385,-43.61907,2.459,5,
172.53072,-43.87247,3.252,12,
171.84259,-43.62815,2.598,5,
172.1442,-43.6147,2.994,5,
172.32201,-43.37462,2.652,12,
171.8609,-43.56394,2.53,5,
172.21129,-43.61926,3.577,9.7144,
171.88434,-43.60775,3.387,5,
172.14453,-43.60012,2.56,5,
172.3909,-43.60132,2.786,12,
172.46754,-43.61874,2.737,5,
172.04237,-43.58158,3.055,5,
171.76758,-43.61168,2.288,5,
172.26669,-43.61426,2.418,12,
172.18416,-43.52263,2.59,5,
172.11453,-43.43304,2.367,8.9068,
172.01976,-43.16797,2.827,11.2061,
172.37912,-43.64044,2.769,5,
172.34782,-43.58899,2.582,5,
172.16296,-43.63536,3.05,5,
172.18349,-43.61505,3.129,12,
172.36682,-43.6071,4.1,9.7299,
172.4135,-43.64539,2.815,5,
172.18327,-43.53836,3.195,5,
172.47366,-43.74804,2.982,5,
172.37392,-43.57173,2.703,5,
171.86815,-43.60072,2.578,5,
172.35738,-43.56541,2.433,5,
172.05344,-43.59155,2.63,5,
172.31465,-43.58538,2.709,5,
172.409,-43.53255,2.767,5,
172.38022,-43.56557,3.218,5,
172.28281,-43.60852,2.324,5,
172.17819,-43.54049,3.685,7.0766,
172.37759,-43.58788,2.959,5,
172.58882,-43.4817,2.425,9.6556,
172.41595,-43.69846,3.203,13.2388,
172.25558,-43.63019,2.461,5,
172.36096,-43.57676,2.59,12,
172.34032,-43.59729,3.107,5,
171.65283,-43.82396,3.6,14.2835,
172.09402,-43.43431,3.191,5,
172.03773,-43.60098,3.327,7.1922,
172.34814,-43.6049,2.713,5,
171.67288,-43.87304,2.43,5,
171.89977,-43.59876,2.963,5,
171.88284,-43.59351,2.461,5,
172.41629,-43.64249,3.559,14.2303,
171.75114,-43.56247,2.662,5,
